case,scenario,bus,V_pu,v_squared,Pload_MW,Qload_Mvar,Pshed_MW,Qshed_Mvar,Pren_MW,Pbat_MW
ieee69,0,1,1.0,1.0,0.0,0.0,0.0,0.0,0.0,0.0
ieee69,0,2,0.9999731819089375,0.9999463645370849,0.0,0.0,0.0,0.0,0.0,0.0
ieee69,0,3,0.9999463630986263,0.9998927290741697,0.0,0.0,0.0,0.0,0.0,0.0
ieee69,0,4,0.9998728608386007,0.9997457378415678,0.0,0.0,0.0,0.0,0.0,0.0
ieee69,0,5,0.9996235894414567,0.9992473205678218,0.0,0.0,0.0,0.0,0.0,0.0
ieee69,0,6,0.997399913965816,0.994806588379017,0.0026,0.0022,0.0,0.0,0.0,0.0
ieee69,0,7,0.9950883584153644,0.9902008410537847,0.040400000000000005,0.03,0.0,0.0,0.0,0.0
ieee69,0,8,0.9945602116299569,0.9891500145574247,0.075,0.054000000000000006,0.0,0.0,0.0,0.0
ieee69,0,9,0.9943281018183444,0.9886883740656718,0.03,0.022,0.0,0.0,0.0,0.0
ieee69,0,10,0.991759099561397,0.9835861115628329,0.028,0.019,0.0,0.0,0.0,0.0
ieee69,0,11,0.9912112392552243,0.9824997208258773,0.145,0.104,0.0,0.0,0.2827811874999999,0.0
ieee69,0,12,0.9888631234872881,0.9778502769930356,0.145,0.104,0.0,0.0,0.0,0.0
ieee69,0,13,0.9870744173612376,0.9743159054090266,0.008,0.0055,0.0,0.0,0.0,0.0
ieee69,0,14,0.9875608312715656,0.9752763954617857,0.008,0.0055,0.0,0.0,0.0,0.0
ieee69,0,15,0.9881157339985044,0.976372703775403,0.0,0.0,0.0,0.0,0.0,0.0
ieee69,0,16,0.9882187897765717,0.9765763764674721,0.0455,0.03,0.0,0.0,0.0,0.0
ieee69,0,17,0.9885459750898816,0.9772231448664049,0.06,0.035,0.0,0.0,0.0,0.0
ieee69,0,18,0.9885521945403344,0.9772354413305111,0.06,0.035,0.0,0.0,0.2827811874999999,0.0
ieee69,0,19,0.9885497167662911,0.9772305425187144,0.0,0.0,0.0,0.0,0.0,0.0
ieee69,0,20,0.9885481262615693,0.9772273979352595,0.001,0.0006,0.0,0.0,0.0,0.0
ieee69,0,21,0.9852589486208758,0.9707351958375136,0.114,0.08099999999999999,0.0,0.0,0.0,0.270899625
ieee69,0,22,0.9852174407060703,0.9706534054714192,0.0053,0.0035,0.0,0.0,0.0,0.0
ieee69,0,23,0.9847515632484011,0.9697356413201698,0.0,0.0,0.0,0.0,0.0,0.0
ieee69,0,24,0.9837367463053338,0.9677379860314047,0.028,0.02,0.0,0.0,0.0,0.0
ieee69,0,25,0.9817036989868596,0.9637421526044826,0.0,0.0,0.0,0.0,0.0,0.0
ieee69,0,26,0.9808637854977235,0.962093765700924,0.014,0.01,0.0,0.0,0.0,0.0
ieee69,0,27,0.980411677844998,0.9612070580548443,0.014,0.01,0.0,0.0,0.0,0.0
ieee69,0,28,0.9999394573488535,0.9998789183631195,0.026,0.018600000000000002,0.0,0.0,0.0,0.0
ieee69,0,29,0.9998677932467661,0.9997356039721579,0.026,0.018600000000000002,0.0,0.0,0.0,0.0
ieee69,0,30,0.9997467589869069,0.9994935821048244,0.0,0.0,0.0,0.0,0.0,0.0
ieee69,0,31,0.9997253995066913,0.9994508744188135,0.0,0.0,0.0,0.0,0.0,0.0
ieee69,0,32,0.9996185952595916,0.9992373359887593,0.0,0.0,0.0,0.0,0.0,0.0
ieee69,0,33,0.9993624975682434,0.9987254015458372,0.014,0.01,0.0,0.0,0.0,0.0
ieee69,0,34,0.9990270747817033,0.9980550961468869,0.0195,0.014,0.0,0.0,0.0,0.0
ieee69,0,35,0.9989596654211665,0.9979204131383691,0.006,0.004,0.0,0.0,0.0,0.0
ieee69,0,36,0.9999325677745396,0.9998651400961843,0.026,0.018600000000000002,0.0,0.0,0.0,0.0
ieee69,0,37,0.9997609142824276,0.9995218857268355,0.026,0.018600000000000002,0.0,0.0,0.0,0.0
ieee69,0,38,0.9996025629336961,0.9992052838236138,0.0,0.0,0.0,0.0,0.0,0.0
ieee69,0,39,0.9995568481181859,0.9991138926199621,0.024,0.017,0.0,0.0,0.0,0.0
ieee69,0,40,0.9995546348830412,0.9991094681161699,0.024,0.017,0.0,0.0,0.0,0.0
ieee69,0,41,0.9988577212010442,0.9977167472029429,0.0012,0.001,0.0,0.0,0.0,0.0
ieee69,0,42,0.9985654794772127,0.9971330168035558,0.0,0.0,0.0,0.0,0.0,0.0
ieee69,0,43,0.9985268633805514,0.9970558968926024,0.006,0.0043,0.0,0.0,0.0,0.0
ieee69,0,44,0.9985185438993484,0.9970392825108749,0.0,0.0,0.0,0.0,0.0,0.0
ieee69,0,45,0.9984200641535061,0.9968426245042913,0.039200000000000006,0.0263,0.0,0.0,0.0,0.0
ieee69,0,46,0.9984196464618299,0.9968417904409653,0.039200000000000006,0.0263,0.0,0.0,0.0,0.0
ieee69,0,47,0.9997620342883278,0.9995241252043354,0.0,0.0,0.0,0.0,0.0,0.0
ieee69,0,48,0.9970031719184774,0.9940153248155051,0.07900000000000001,0.0564,0.0,0.0,0.0,0.0
ieee69,0,49,0.9879499844370473,0.9760451717491619,0.3847,0.2745,0.0,0.0,0.2827811874999999,0.0
ieee69,0,50,0.9857697638522273,0.9717420273252758,0.3847,0.2745,0.0,0.0,0.0,0.270899625
ieee69,0,51,0.9945253386862998,0.9890806492890993,0.040499999999999994,0.0283,0.0,0.0,0.0,0.0
ieee69,0,52,0.9945159116812478,0.9890618985871834,0.0036,0.0027,0.0,0.0,0.0,0.0
ieee69,0,53,0.9942463044928248,0.988525713997639,0.0043,0.0035,0.0,0.0,0.0,0.0
ieee69,0,54,0.9941586069958728,0.9883513358639743,0.0264,0.019,0.0,0.0,0.0,0.0
ieee69,0,55,0.9941001787885777,0.9882351654674822,0.024,0.0172,0.0,0.0,0.0,0.0
ieee69,0,56,0.9941001787885777,0.9882351654674822,0.0,0.0,0.0,0.0,0.0,0.0
ieee69,0,57,0.9941001787885777,0.9882351654674822,0.0,0.0,0.0,0.0,0.0,0.0
ieee69,0,58,0.9941001787885777,0.9882351654674822,0.0,0.0,0.0,0.0,0.0,0.0
ieee69,0,59,0.959842927817603,0.9212984460814683,0.1,0.072,0.0,0.0,0.0,0.0
ieee69,0,60,0.9567490046234031,0.9153686578478725,0.0,0.0,0.0,0.0,0.0,0.0
ieee69,0,61,0.9520593443924119,0.9064169952449092,1.244,0.888,0.0,0.0,0.2827811874999999,0.0
ieee69,0,62,0.9750730749236753,0.9507675014411114,0.032,0.023,0.0,0.0,0.0,0.0
ieee69,0,63,0.9751136255450451,0.9508465827236023,0.0,0.0,0.0,0.0,0.0,0.0
ieee69,0,64,0.9753123404168457,0.951234161369385,0.227,0.16199999999999998,0.0,0.0,0.0,0.0
ieee69,0,65,0.9776617936758333,0.9558225828134476,0.059,0.04200000000000001,0.0,0.0,0.0,0.0
ieee69,0,66,0.9911556452740328,0.9823895131585842,0.018,0.013,0.0,0.0,0.0,0.0
ieee69,0,67,0.9911549981552787,0.9823882303681907,0.018,0.013,0.0,0.0,0.0,0.0
ieee69,0,68,0.9885401342986123,0.9772115971191184,0.028,0.02,0.0,0.0,0.0,0.0
ieee69,0,69,0.9885391017231305,0.9772095556355739,0.028,0.02,0.0,0.0,0.0,0.0
ieee69,1,1,1.0,1.0,0.0,0.0,0.0,0.0,0.0,0.0
ieee69,1,2,0.9999719850919974,0.9999439709688298,0.0,0.0,0.0,0.0,0.0,0.0
ieee69,1,3,0.9999439693991158,0.9998879419376597,0.0,0.0,0.0,0.0,0.0,0.0
ieee69,1,4,0.9998676130494971,0.9997352436252989,0.0,0.0,0.0,0.0,0.0,0.0
ieee69,1,5,0.9996194247671033,0.9992389943717146,0.0,0.0,0.0,0.0,0.0,0.0
ieee69,1,6,0.9971140743917275,0.9942364773500715,0.0028753418629912228,0.002432981576377189,0.0,0.0,0.0,0.0
ieee69,1,7,0.9945088954505612,0.9890479431302953,0.04467838894801747,0.033177021496052575,0.0,0.0,0.0,0.0
ieee69,1,8,0.9939129446693885,0.9878629415813749,0.08294255374013143,0.059718638692894635,0.0,0.0,0.0,0.0
ieee69,1,9,0.9936498666742879,0.9873400575418301,0.033177021496052575,0.024329815763771884,0.0,0.0,0.0,0.0
ieee69,1,10,0.9904308347584504,0.9809532384403208,0.030965220062982402,0.02101211361416663,0.0,0.0,0.0,0.0
ieee69,1,11,0.9897382404958514,0.9795817846998237,0.16035560389758743,0.11501367451964893,0.0,0.0,0.1393563086762258,0.0
ieee69,1,12,0.987589205659835,0.9753324391358239,0.16035560389758743,0.11501367451964893,0.0,0.0,0.0,0.0
ieee69,1,13,0.9862629028875675,0.9727145136122114,0.008847205732280688,0.006082453940942971,0.0,0.0,0.0,0.0
ieee69,1,14,0.985656183059676,0.9715181112037695,0.008847205732280688,0.006082453940942971,0.0,0.0,0.0,0.0
ieee69,1,15,0.9851099544957197,0.970441622446559,0.0,0.0,0.0,0.0,0.0,0.0
ieee69,1,16,0.9850083939341314,0.970241536120697,0.05031848260234641,0.033177021496052575,0.0,0.0,0.0,0.0
ieee69,1,17,0.9849603107855496,0.9701468138227665,0.06635404299210515,0.03870652507872801,0.0,0.0,0.0,0.0
ieee69,1,18,0.9849620522759687,0.970150244423688,0.06635404299210515,0.03870652507872801,0.0,0.0,0.1393563086762258,0.0
ieee69,1,19,0.9849593021156823,0.9701448268242119,0.0,0.0,0.0,0.0,0.0,0.0
ieee69,1,20,0.9849575367634463,0.9701413492271158,0.001105900716535086,0.0006635404299210513,0.0,0.0,0.0,0.0
ieee69,1,21,0.9857469486934852,0.9716970468585165,0.1260726816849998,0.08957795803934195,0.0,0.0,0.0,0.06230747160134961
ieee69,1,22,0.9857463166147551,0.9716958007195571,0.005861273797635954,0.0038706525078728003,0.0,0.0,0.0,0.0
ieee69,1,23,1.0,1.0,0.0,0.0,0.0,0.0,0.0,0.0
ieee69,1,24,1.0,1.0,0.030965220062982402,0.022118014330701714,0.030965220062982402,0.022118014330701714,0.0,0.0
ieee69,1,25,1.0,1.0,0.0,0.0,0.0,0.0,0.0,0.0
ieee69,1,26,1.0,1.0,0.015482610031491201,0.011059007165350857,0.015482610031491201,0.011059007165350857,0.0,0.0
ieee69,1,27,1.0,1.0,0.015482610031491201,0.011059007165350857,0.015482610031491201,0.011059007165350857,0.0,0.0
ieee69,1,28,0.999936332304419,0.9998726686624134,0.028753418629912233,0.0205697533275526,0.0,0.0,0.0,0.0
ieee69,1,29,0.999857078374084,0.9997141771747592,0.028753418629912233,0.0205697533275526,0.0,0.0,0.0,0.0
ieee69,1,30,0.9997232242067091,0.9994465250182579,0.0,0.0,0.0,0.0,0.0,0.0
ieee69,1,31,0.9996996021594171,0.9993992945576969,0.0,0.0,0.0,0.0,0.0,0.0
ieee69,1,32,0.9995814835494364,0.9991631422548922,0.0,0.0,0.0,0.0,0.0,0.0
ieee69,1,33,0.99929825056769,0.9985969935876458,0.015482610031491201,0.011059007165350857,0.0,0.0,0.0,0.0
ieee69,1,34,0.9989272758147358,0.9978557023666492,0.021565063972434174,0.015482610031491201,0.0,0.0,0.0,0.0
ieee69,1,35,0.9988527200398587,0.9977067563310242,0.006635404299210516,0.004423602866140344,0.0,0.0,0.0,0.0
ieee69,1,36,0.9999287130926571,0.9998574312671372,0.028753418629912233,0.0205697533275526,0.0,0.0,0.0,0.0
ieee69,1,37,0.9997388789149497,0.9994778260141206,0.028753418629912233,0.0205697533275526,0.0,0.0,0.0,0.0
ieee69,1,38,0.999563752715399,0.9991276957424914,0.0,0.0,0.0,0.0,0.0,0.0
ieee69,1,39,0.9995131945826868,0.9990266261448879,0.026541617196842063,0.01880031218109646,0.0,0.0,0.0,0.0
ieee69,1,40,0.999510746857168,0.9990217330829738,0.026541617196842063,0.01880031218109646,0.0,0.0,0.0,0.0
ieee69,1,41,0.9987399671721878,0.9974815220271027,0.0013270808598421027,0.001105900716535086,0.0,0.0,0.0,0.0
ieee69,1,42,0.9984167337140124,0.9968359741601572,0.0,0.0,0.0,0.0,0.0,0.0
ieee69,1,43,0.9983740216949631,0.9967506871953747,0.006635404299210516,0.0047553730811008684,0.0,0.0,0.0,0.0
ieee69,1,44,0.9983648197621536,0.9967323133387176,0.0,0.0,0.0,0.0,0.0,0.0
ieee69,1,45,0.998255893600596,0.9965148291083243,0.04335130808817537,0.029085188844872756,0.0,0.0,0.0,0.0
ieee69,1,46,0.9982554315990946,0.9965139067170946,0.04335130808817537,0.029085188844872756,0.0,0.0,0.0,0.0
ieee69,1,47,0.9997450300347037,0.9994901250790907,0.0,0.0,0.0,0.0,0.0,0.0
ieee69,1,48,0.9966912027780918,0.9933933536952392,0.0873661566062718,0.06237280041257884,0.0,0.0,0.0,0.0
ieee69,1,49,0.9866630996358353,0.9735040721829943,0.42544000565104745,0.30356974668888104,0.0,0.0,0.1393563086762258,0.0
ieee69,1,50,0.9843365454973291,0.9689184348016154,0.42544000565104745,0.30356974668888104,0.0,0.0,0.0,0.06230747160134961
ieee69,1,51,0.9938743534679981,0.9877862304814313,0.04478897901967097,0.03129699027794293,0.0,0.0,0.0,0.0
ieee69,1,52,0.9938639213024825,0.987765494066747,0.003981242579526308,0.0029859319346447317,0.0,0.0,0.0,0.0
ieee69,1,53,0.9935593448083717,0.987160171656041,0.0047553730811008684,0.0038706525078728003,0.0,0.0,0.0,0.0
ieee69,1,54,0.9934622925672988,0.9869673267530731,0.029195778916526263,0.02101211361416663,0.0,0.0,0.0,0.0
ieee69,1,55,0.9933976312778042,0.9868388538283523,0.026541617196842063,0.019021492324403474,0.0,0.0,0.0,0.0
ieee69,1,56,0.9933976312778042,0.9868388538283523,0.0,0.0,0.0,0.0,0.0,0.0
ieee69,1,57,0.9933976312778042,0.9868388538283523,0.0,0.0,0.0,0.0,0.0,0.0
ieee69,1,58,0.9933976312778042,0.9868388538283523,0.0,0.0,0.0,0.0,0.0,0.0
ieee69,1,59,0.9580352269416448,0.9178314960611288,0.11059007165350859,0.07962485159052618,0.0,0.0,0.0,0.0
ieee69,1,60,0.954816939695295,0.9116753883290887,0.0,0.0,0.0,0.0,0.0,0.0
ieee69,1,61,0.95,0.9025,1.3757404913696467,0.9820398362831563,0.2110140849611998,0.15062741756072784,0.1393563086762258,0.0
ieee69,1,62,1.0,1.0,0.03538882292912275,0.025435716480306972,0.03538882292912275,0.025435716480306972,0.0,0.0
ieee69,1,63,1.0,1.0,0.0,0.0,0.0,0.0,0.0,0.0
ieee69,1,64,1.0,1.0,0.2510394626534645,0.1791559160786839,0.2510394626534645,0.1791559160786839,0.0,0.0
ieee69,1,65,1.0,1.0,0.06524814227557006,0.046447830094473605,0.06524814227557006,0.046447830094473605,0.0,0.0
ieee69,1,66,0.9896766673826339,0.9794599059615966,0.019906212897631545,0.014376709314956116,0.0,0.0,0.0,0.0
ieee69,1,67,0.989675950664045,0.9794584873227812,0.019906212897631545,0.014376709314956116,0.0,0.0,0.0,0.0
ieee69,1,68,0.9872315445758519,0.9746261226056223,0.030965220062982402,0.022118014330701714,0.0,0.0,0.0,0.0
ieee69,1,69,0.9872304011361823,0.9746238649275075,0.030965220062982402,0.022118014330701714,0.0,0.0,0.0,0.0
ieee69,2,1,1.0,1.0,0.0,0.0,0.0,0.0,0.0,0.0
ieee69,2,2,0.9999691077859998,0.9999382165263285,0.0,0.0,0.0,0.0,0.0,0.0
ieee69,2,3,0.9999382146176119,0.9998764330526572,0.0,0.0,0.0,0.0,0.0,0.0
ieee69,2,4,0.9998496782098902,0.9996993790164211,0.0,0.0,0.0,0.0,0.0,0.0
ieee69,2,5,0.9994707630068819,0.9989418061055587,0.0,0.0,0.0,0.0,0.0,0.0
ieee69,2,6,0.9955471638011107,0.9911141553524355,0.002960524178548747,0.0025050589203104785,0.0,0.0,0.0,0.0
ieee69,2,7,0.9914560182450092,0.982985036114248,0.04600199108206516,0.03415989436787017,0.0,0.0,0.0,0.0
ieee69,2,8,0.990500081031845,0.9810904105240915,0.0853997359196754,0.0614878098621663,0.0,0.0,0.0,0.0
ieee69,2,9,0.990046203345694,0.9801914847592234,0.03415989436787017,0.025050589203104785,0.0,0.0,0.0,0.0
ieee69,2,10,0.9839617393624618,0.9681807045292012,0.03188256807667882,0.02163459976631777,0.0,0.0,0.0,0.0
ieee69,2,11,0.9826119758010118,0.9655262949875683,0.16510615611137244,0.1184209671419499,0.0,0.0,0.14549741020192736,0.0
ieee69,2,12,0.977963493815144,0.9564125952351233,0.16510615611137244,0.1184209671419499,0.0,0.0,0.0,0.0
ieee69,2,13,0.9730662899225134,0.9468580045835651,0.009109305164765378,0.006262647300776196,0.0,0.0,0.0,0.0
ieee69,2,14,0.9724465942234418,0.9456523786167712,0.009109305164765378,0.006262647300776196,0.0,0.0,0.0,0.0
ieee69,2,15,0.9718902048921361,0.9445705703652781,0.0,0.0,0.0,0.0,0.0,0.0
ieee69,2,16,0.9717867533860799,0.9443694940566577,0.051809173124603085,0.03415989436787017,0.0,0.0,0.0,0.0
ieee69,2,17,0.9717414103723175,0.9442813686323808,0.06831978873574034,0.03985321009584853,0.0,0.0,0.0,0.0
ieee69,2,18,0.9717432885826519,0.9442850189054272,0.06831978873574034,0.03985321009584853,0.0,0.0,0.14549741020192736,0.0
ieee69,2,19,0.9717404184292104,0.9442794408089771,0.0,0.0,0.0,0.0,0.0,0.0
ieee69,2,20,0.9717385760520617,0.9442758601876886,0.0011386631455956723,0.0006831978873574032,0.0,0.0,0.0,0.0
ieee69,2,21,0.9701533126627149,0.9411974500704393,0.12980759859790664,0.09223171479324944,0.0,0.0,0.0,0.054693854475289475
ieee69,2,22,0.9701053130433328,0.9411043183949028,0.006034914671657062,0.003985321009584853,0.0,0.0,0.0,0.0
ieee69,2,23,0.9695665496393355,0.9400592941795262,0.0,0.0,0.0,0.0,0.0,0.0
ieee69,2,24,0.9683928116857359,0.9377846377246051,0.03188256807667882,0.022773262911913447,0.0,0.0,0.0,0.0
ieee69,2,25,0.9660407493814273,0.9332347294654296,0.0,0.0,0.0,0.0,0.0,0.0
ieee69,2,26,0.965068791355655,0.9313577720486649,0.01594128403833941,0.011386631455956723,0.0,0.0,0.0,0.0
ieee69,2,27,0.964545546219128,0.9303481107311561,0.01594128403833941,0.011386631455956723,0.0,0.0,0.0,0.0
ieee69,2,28,0.9999303512270091,0.9998607073049698,0.029605241785487475,0.021179134508079504,0.0,0.0,0.0,0.0
ieee69,2,29,0.9998487488064124,0.9996975204897484,0.029605241785487475,0.021179134508079504,0.0,0.0,0.0,0.0
ieee69,2,30,0.9997109277731175,0.9994219391089875,0.0,0.0,0.0,0.0,0.0,0.0
ieee69,2,31,0.9996866056124255,0.9993733094408932,0.0,0.0,0.0,0.0,0.0,0.0
ieee69,2,32,0.9995649859315912,0.9991301611004221,0.0,0.0,0.0,0.0,0.0,0.0
ieee69,2,33,0.9992733561029763,0.9985472402173057,0.01594128403833941,0.011386631455956723,0.0,0.0,0.0,0.0
ieee69,2,34,0.9988913795619757,0.9977839881632271,0.022203931339115603,0.01594128403833941,0.0,0.0,0.0,0.0
ieee69,2,35,0.998814612220451,0.9976306295850899,0.006831978873574033,0.004554652582382689,0.0,0.0,0.0,0.0
ieee69,2,36,0.9999337345756967,0.9998674735424998,0.029605241785487475,0.021179134508079504,0.0,0.0,0.0,0.0
ieee69,2,37,0.9999012299404468,0.9998024696364183,0.029605241785487475,0.021179134508079504,0.0,0.0,0.0,0.0
ieee69,2,38,1.0,1.0,0.0,0.0,0.0,0.0,0.0,0.0
ieee69,2,39,1.0,1.0,0.027327915494296133,0.019357273475126426,0.027327915494296133,0.019357273475126426,0.0,0.0
ieee69,2,40,1.0,1.0,0.027327915494296133,0.019357273475126426,0.027327915494296133,0.019357273475126426,0.0,0.0
ieee69,2,41,1.0,1.0,0.0013663957747148065,0.0011386631455956723,0.0013663957747148065,0.0011386631455956723,0.0,0.0
ieee69,2,42,1.0,1.0,0.0,0.0,0.0,0.0,0.0,0.0
ieee69,2,43,1.0,1.0,0.006831978873574033,0.0048962515260613905,0.006831978873574033,0.0048962515260613905,0.0,0.0
ieee69,2,44,1.0,1.0,0.0,0.0,0.0,0.0,0.0,0.0
ieee69,2,45,1.0,1.0,0.044635595307350354,0.029946840729166178,0.044635595307350354,0.029946840729166178,0.0,0.0
ieee69,2,46,1.0,1.0,0.044635595307350354,0.029946840729166178,0.044635595307350354,0.029946840729166178,0.0,0.0
ieee69,2,47,0.9997256553347168,0.9994513859344291,0.0,0.0,0.0,0.0,0.0,0.0
ieee69,2,48,0.996635902034163,0.9932831212234497,0.08995438850205811,0.06422060141159591,0.0,0.0,0.0,0.0
ieee69,2,49,0.9864969049137047,0.9731761434043189,0.43804371211065507,0.31256303346601205,0.0,0.0,0.14549741020192736,0.0
ieee69,2,50,0.9841534237170383,0.9685579614139682,0.43804371211065507,0.31256303346601205,0.0,0.0,0.0,0.054693854475289475
ieee69,2,51,0.9904602096245286,0.9810114268494652,0.04611585739662472,0.03222416702035752,0.0,0.0,0.0,0.0
ieee69,2,52,0.9904494313776143,0.9809900761162395,0.0040991873241444194,0.003074390493108315,0.0,0.0,0.0,0.0
ieee69,2,53,0.9899526603502282,0.9800062697344943,0.0048962515260613905,0.003985321009584853,0.0,0.0,0.0,0.0
ieee69,2,54,0.9898523686794372,0.9798077117802925,0.030060707043725744,0.02163459976631777,0.0,0.0,0.0,0.0
ieee69,2,55,0.9897855489100645,0.9796754328311977,0.027327915494296133,0.019585006104245562,0.0,0.0,0.0,0.0
ieee69,2,56,0.9897855489100645,0.9796754328311977,0.0,0.0,0.0,0.0,0.0,0.0
ieee69,2,57,0.9897855489100645,0.9796754328311977,0.0,0.0,0.0,0.0,0.0,0.0
ieee69,2,58,0.9897855489100645,0.9796754328311977,0.0,0.0,0.0,0.0,0.0,0.0
ieee69,2,59,0.9579625764322989,0.917692297844808,0.11386631455956722,0.08198374648288839,0.0,0.0,0.0,0.0
ieee69,2,60,0.9547745141464379,0.9115943728635665,0.0,0.0,0.0,0.0,0.0,0.0
ieee69,2,61,0.95,0.9025,1.416496953121016,1.011132873288957,0.25664868906596106,0.1832026011982102,0.14549741020192736,0.0
ieee69,2,62,0.9583636952424371,0.9184609723587389,0.03643722065906151,0.02618925234870046,0.0,0.0,0.0,0.0
ieee69,2,63,0.9584106736157615,0.9185510193006178,0.0,0.0,0.0,0.0,0.0,0.0
ieee69,2,64,0.9586408820932844,0.9189923408205903,0.2584765340502176,0.1844634295864989,0.0,0.0,0.0,0.0
ieee69,2,65,0.9613620583398356,0.9242170072154053,0.06718112559014466,0.04782385211501824,0.0,0.0,0.0,0.0
ieee69,2,66,0.982548118708931,0.9654008055784595,0.020495936620722098,0.014802620892743737,0.0,0.0,0.0,0.0
ieee69,2,67,0.9825473754035043,0.9653993449123148,0.020495936620722098,0.014802620892743737,0.0,0.0,0.0,0.0
ieee69,2,68,0.9775916090069822,0.9556853540008602,0.03188256807667882,0.022773262911913447,0.0,0.0,0.0,0.0
ieee69,2,69,0.9775904200833729,0.9556830294387856,0.03188256807667882,0.022773262911913447,0.0,0.0,0.0,0.0
ieee69,3,1,1.0,1.0,0.0,0.0,0.0,0.0,0.0,0.0
ieee69,3,2,0.9999735416841435,0.9999470840683297,0.0,0.0,0.0,0.0,0.0,0.0
ieee69,3,3,0.9999470826682076,0.9998941681366593,0.0,0.0,0.0,0.0,0.0,0.0
ieee69,3,4,0.999874015590776,0.9997480470536235,0.0,0.0,0.0,0.0,0.0,0.0
ieee69,3,5,0.9995945111605391,0.9991891867422771,0.0,0.0,0.0,0.0,0.0,0.0
ieee69,3,6,0.9967975378785383,0.993605331520716,0.0023592585520822345,0.0019962956979157373,0.0,0.0,0.0,0.0
ieee69,3,7,0.9938853250945315,0.9878080394382627,0.03665924827081627,0.027222214062487326,0.0,0.0,0.0,0.0
ieee69,3,8,0.9932084189532943,0.9864629634797025,0.06805553515621832,0.048999985312477186,0.0,0.0,0.0,0.0
ieee69,3,9,0.9928920907223193,0.9858347038189383,0.027222214062487326,0.01996295697915737,0.0,0.0,0.0,0.0
ieee69,3,10,0.988800689027376,0.9777268026210135,0.025407399791654836,0.017240735572908637,0.0,0.0,0.0,0.0
ieee69,3,11,0.987899800625218,0.9759460160753455,0.13157403463535539,0.0943703420832894,0.0,0.0,0.17015814686575575,0.0
ieee69,3,12,0.9846183502237337,0.969473295597307,0.13157403463535539,0.0943703420832894,0.0,0.0,0.0,0.0
ieee69,3,13,0.981327185464757,0.9630030449321815,0.007259257083329953,0.0049907392447893426,0.0,0.0,0.0,0.0
ieee69,3,14,0.9811974849225454,0.9627485044183288,0.007259257083329953,0.0049907392447893426,0.0,0.0,0.0,0.0
ieee69,3,15,0.9811228798976871,0.9626021054587314,0.0,0.0,0.0,0.0,0.0,0.0
ieee69,3,16,0.9811089947933556,0.9625748596644286,0.04128702466143912,0.027222214062487326,0.0,0.0,0.0,0.0
ieee69,3,17,0.981202273023081,0.9627579005856608,0.05444442812497465,0.03175924973956855,0.0,0.0,0.0,0.0
ieee69,3,18,0.9812053754925487,0.9627639888954735,0.05444442812497465,0.03175924973956855,0.0,0.0,0.17015814686575575,0.0
ieee69,3,19,0.9812031103083062,0.9627595436786942,0.0,0.0,0.0,0.0,0.0,0.0
ieee69,3,20,0.9812016562670638,0.9627566902612292,0.0009074071354162441,0.0005444442812497465,0.0,0.0,0.0,0.0
ieee69,3,21,0.9791369437505026,0.9587091546170751,0.10344441343745184,0.07349997796871578,0.0,0.0,0.0,0.07837170141178136
ieee69,3,22,0.9790990437413739,0.9586349374552727,0.004809257817706094,0.0031759249739568545,0.0,0.0,0.0,0.0
ieee69,3,23,0.9786736696753416,0.9578021517157997,0.0,0.0,0.0,0.0,0.0,0.0
ieee69,3,24,0.9777471375834716,0.9559894650526722,0.025407399791654836,0.018148142708324884,0.0,0.0,0.0,0.0
ieee69,3,25,0.9758911913165055,0.9523636172891483,0.0,0.0,0.0,0.0,0.0,0.0
ieee69,3,26,0.9751245352522582,0.9508678592509325,0.012703699895827418,0.009074071354162442,0.0,0.0,0.0,0.0
ieee69,3,27,0.9747118827663135,0.9500632544058517,0.012703699895827418,0.009074071354162442,0.0,0.0,0.0,0.0
ieee69,3,28,0.9999408163481013,0.9998816361989071,0.02359258552082235,0.01687777271874214,0.0,0.0,0.0,0.0
ieee69,3,29,0.9998757881346767,0.9997515916979408,0.02359258552082235,0.01687777271874214,0.0,0.0,0.0,0.0
ieee69,3,30,0.99976596227747,0.9995319793285956,0.0,0.0,0.0,0.0,0.0,0.0
ieee69,3,31,0.9997465809241721,0.9994932260695722,0.0,0.0,0.0,0.0,0.0,0.0
ieee69,3,32,0.9996496685211552,0.9992994597744554,0.0,0.0,0.0,0.0,0.0,0.0
ieee69,3,33,0.9994172936306849,0.9988349268080826,0.012703699895827418,0.009074071354162442,0.0,0.0,0.0,0.0
ieee69,3,34,0.9991129500242538,0.9982266869061671,0.01769443914061676,0.012703699895827418,0.0,0.0,0.0,0.0
ieee69,3,35,0.9990517877383628,0.9981044745832187,0.005444442812497465,0.0036296285416649765,0.0,0.0,0.0,0.0
ieee69,3,36,0.9999345647096997,0.9998691337011765,0.02359258552082235,0.01687777271874214,0.0,0.0,0.0,0.0
ieee69,3,37,0.9997788066553355,0.9995576622371666,0.02359258552082235,0.01687777271874214,0.0,0.0,0.0,0.0
ieee69,3,38,0.9996351211372562,0.9992703754110969,0.0,0.0,0.0,0.0,0.0,0.0
ieee69,3,39,0.9995936406264243,0.999187446380789,0.02177777124998986,0.015425921302076153,0.0,0.0,0.0,0.0
ieee69,3,40,0.9995916323951883,0.9991834315544773,0.02177777124998986,0.015425921302076153,0.0,0.0,0.0,0.0
ieee69,3,41,0.9989592917933001,0.9979196666601717,0.001088888562499493,0.0009074071354162441,0.0,0.0,0.0,0.0
ieee69,3,42,0.9986941401303047,0.9973899855306085,0.0,0.0,0.0,0.0,0.0,0.0
ieee69,3,43,0.9986591041857711,0.9973200063731268,0.005444442812497465,0.0039018506822898497,0.0,0.0,0.0,0.0
ieee69,3,44,0.9986515560317306,0.9973049303645968,0.0,0.0,0.0,0.0,0.0,0.0
ieee69,3,45,0.9985622071189085,0.997126481486186,0.035570359708316776,0.02386480766144722,0.0,0.0,0.0,0.0
ieee69,3,46,0.9985618281564606,0.9971257246511727,0.035570359708316776,0.02386480766144722,0.0,0.0,0.0,0.0
ieee69,3,47,0.9997662303176714,0.9995325152836073,0.0,0.0,0.0,0.0,0.0,0.0
ieee69,3,48,0.9970819393549758,0.9941723937878796,0.0716851636978833,0.05117776243747617,0.0,0.0,0.0,0.0
ieee69,3,49,0.9882486763680047,0.9766354463431133,0.34907952499462913,0.24908325867175907,0.0,0.0,0.17015814686575575,0.0
ieee69,3,50,0.9861391002659192,0.9724703250732767,0.34907952499462913,0.24908325867175907,0.0,0.0,0.0,0.07837170141178136
ieee69,3,51,0.9931767319768794,0.9864000209402741,0.03674998898435789,0.02567962193227971,0.0,0.0,0.0,0.0
ieee69,3,52,0.993168166233474,0.9863830064195616,0.0032666656874984785,0.0024499992656238593,0.0,0.0,0.0,0.0
ieee69,3,53,0.9928177601718041,0.9856871049125581,0.0039018506822898497,0.0031759249739568545,0.0,0.0,0.0,0.0
ieee69,3,54,0.9927380686514495,0.9855288729498101,0.023955548374988846,0.017240735572908637,0.0,0.0,0.0,0.0
ieee69,3,55,0.9926849747543826,0.985423459103109,0.02177777124998986,0.015607402729159399,0.0,0.0,0.0,0.0
ieee69,3,56,0.9926849747543826,0.985423459103109,0.0,0.0,0.0,0.0,0.0,0.0
ieee69,3,57,0.9926849747543826,0.985423459103109,0.0,0.0,0.0,0.0,0.0,0.0
ieee69,3,58,1.0,1.0,0.0,0.0,0.0,0.0,0.0,0.0
ieee69,3,59,0.9615301281847984,0.924540187407075,0.09074071354162441,0.06533331374996958,0.0,0.0,0.0,0.0
ieee69,3,60,0.9585108209465558,0.9187429938716405,0.0,0.0,0.0,0.0,0.0,0.0
ieee69,3,61,0.9539773496022095,0.9100727835540563,1.1288144764578076,0.8057775362496249,0.0,0.0,0.17015814686575575,0.0
ieee69,3,62,0.9698403612161997,0.9405903262439687,0.029037028333319812,0.020870364114573617,0.0,0.0,0.0,0.0
ieee69,3,63,0.9698773557331766,0.9406620851639788,0.0,0.0,0.0,0.0,0.0,0.0
ieee69,3,64,0.970058646058421,0.9410137767926969,0.20598141973948744,0.14699995593743156,0.0,0.0,0.0,0.0
ieee69,3,65,0.9722023159565792,0.9451773431513363,0.0535370209895584,0.03811109968748226,0.0,0.0,0.0,0.0
ieee69,3,66,0.987849185276612,0.9758460128516662,0.016333328437492394,0.011796292760411175,0.0,0.0,0.0,0.0
ieee69,3,67,0.9878485961110184,0.9758448488385099,0.016333328437492394,0.011796292760411175,0.0,0.0,0.0,0.0
ieee69,3,68,0.9843240081002128,0.9688937529224678,0.025407399791654836,0.018148142708324884,0.0,0.0,0.0,0.0
ieee69,3,69,0.9843230671206139,0.9688919004657326,0.025407399791654836,0.018148142708324884,0.0,0.0,0.0,0.0
ieee69,4,1,1.0,1.0,0.0,0.0,0.0,0.0,0.0,0.0
ieee69,4,2,0.9999756475081525,0.9999512956093488,0.0,0.0,0.0,0.0,0.0,0.0
ieee69,4,3,0.9999512944232322,0.9999025912186976,0.0,0.0,0.0,0.0,0.0,0.0
ieee69,4,4,0.999884844579056,0.9997697024188831,0.0,0.0,0.0,0.0,0.0,0.0
ieee69,4,5,0.9997011318214757,0.9994023529651396,0.0,0.0,0.0,0.0,0.0,0.0
ieee69,4,6,0.9980093804929361,0.996022723551894,0.00247092933827444,0.0020907863631552956,0.0,0.0,0.0,0.0
ieee69,4,7,0.9962534323446364,0.992520901458469,0.03839444048703361,0.02851072313393585,0.0,0.0,0.0,0.0
ieee69,4,8,0.9958584935940146,0.99173413926334,0.07127680783483961,0.05131930164108453,0.0,0.0,0.0,0.0
ieee69,4,9,0.9956950476825419,0.9914086279795394,0.02851072313393585,0.02090786363155295,0.0,0.0,0.0,0.0
ieee69,4,10,0.993987893694964,0.9880119328121509,0.026610008258340125,0.018056791318159373,0.0,0.0,0.0,0.0
ieee69,4,11,0.993635495472511,0.9873114978629024,0.13780182848068992,0.09883717353097761,0.0,0.0,0.2242542031216553,0.0
ieee69,4,12,0.992244514502437,0.9845491765601769,0.13780182848068992,0.09883717353097761,0.0,0.0,0.0,0.0
ieee69,4,13,0.9917596534479199,0.9835872102071384,0.007602859502382894,0.005226965907888238,0.0,0.0,0.0,0.0
ieee69,4,14,0.991927636439592,0.9839204359326356,0.007602859502382894,0.005226965907888238,0.0,0.0,0.0,0.0
ieee69,4,15,0.9921567241947342,0.9843749653648259,0.0,0.0,0.0,0.0,0.0,0.0
ieee69,4,16,0.9921992660252383,0.9844593835010217,0.04324126341980271,0.02851072313393585,0.0,0.0,0.0,0.0
ieee69,4,17,0.9924042493631688,0.9848661941540745,0.0570214462678717,0.03326251032292516,0.0,0.0,0.0,0.0
ieee69,4,18,0.9924088224898817,0.9848752709557536,0.0570214462678717,0.03326251032292516,0.0,0.0,0.2242542031216553,0.0
ieee69,4,19,0.9924064768700002,0.9848706153335262,0.0,0.0,0.0,0.0,0.0,0.0
ieee69,4,20,0.9924049711963614,0.984867626855251,0.0009503574377978617,0.0005702144626787169,0.0,0.0,0.0,0.0
ieee69,4,21,0.9912651191520445,0.9826065364475169,0.10834074790895623,0.07697895246162678,0.0,0.0,0.0,0.082121927609933
ieee69,4,22,0.9912616838153283,0.9825997258004,0.005036894420328667,0.0033262510322925156,0.0,0.0,0.0,0.0
ieee69,4,23,0.9912287427403735,0.9825344204346617,0.0,0.0,0.0,0.0,0.0,0.0
ieee69,4,24,0.9911570376223534,0.9823922732283193,0.026610008258340125,0.019007148755957232,0.0,0.0,0.0,0.0
ieee69,4,25,1.0,1.0,0.0,0.0,0.0,0.0,0.0,0.0
ieee69,4,26,1.0,1.0,0.013305004129170062,0.009503574377978616,0.013305004129170062,0.009503574377978616,0.0,0.0
ieee69,4,27,1.0,1.0,0.013305004129170062,0.009503574377978616,0.013305004129170062,0.009503574377978616,0.0,0.0
ieee69,4,28,0.9999447315260628,0.9998894661067298,0.024709293382744402,0.017676648343040228,0.0,0.0,0.0,0.0
ieee69,4,29,0.9998766254940337,0.999753266209336,0.024709293382744402,0.017676648343040228,0.0,0.0,0.0,0.0
ieee69,4,30,0.9997616010467725,0.9995232589276059,0.0,0.0,0.0,0.0,0.0,0.0
ieee69,4,31,0.999741302218006,0.9994826713605544,0.0,0.0,0.0,0.0,0.0,0.0
ieee69,4,32,0.9996398018913095,0.9992797335252966,0.0,0.0,0.0,0.0,0.0,0.0
ieee69,4,33,0.9993964242580622,0.9987932128198007,0.013305004129170062,0.009503574377978616,0.0,0.0,0.0,0.0
ieee69,4,34,0.9990776661993361,0.9981561830983122,0.018531970037058303,0.013305004129170062,0.0,0.0,0.0,0.0
ieee69,4,35,0.9990136065637056,0.9980281860994223,0.00570214462678717,0.003801429751191447,0.0,0.0,0.0,0.0
ieee69,4,36,0.9999381840035253,0.9998763718282679,0.024709293382744402,0.017676648343040228,0.0,0.0,0.0,0.0
ieee69,4,37,0.9997750534421734,0.9995501574853007,0.024709293382744402,0.017676648343040228,0.0,0.0,0.0,0.0
ieee69,4,38,0.9996245657804499,0.999249272511753,0.0,0.0,0.0,0.0,0.0,0.0
ieee69,4,39,0.9995811213711538,0.9991624182016133,0.02280857850714868,0.016156076442563647,0.0,0.0,0.0,0.0
ieee69,4,40,0.9995790180578651,0.9991582133415259,0.02280857850714868,0.016156076442563647,0.0,0.0,0.0,0.0
ieee69,4,41,0.9989167285929613,0.997834630662864,0.0011404289253574339,0.0009503574377978617,0.0,0.0,0.0,0.0
ieee69,4,42,0.99863901292516,0.9972798781361378,0.0,0.0,0.0,0.0,0.0,0.0
ieee69,4,43,0.9986023165680925,0.9972065866551609,0.00570214462678717,0.004086536982530805,0.0,0.0,0.0,0.0
ieee69,4,44,0.9985944106862965,0.9971907970539118,0.0,0.0,0.0,0.0,0.0,0.0
ieee69,4,45,0.9985008270675856,0.9970039016546525,0.03725401156167618,0.024994400614083763,0.0,0.0,0.0,0.0
ieee69,4,46,0.998500430143306,0.9970031089963671,0.03725401156167618,0.024994400614083763,0.0,0.0,0.0,0.0
ieee69,4,47,0.9997739131651856,0.999547877445628,0.0,0.0,0.0,0.0,0.0,0.0
ieee69,4,48,0.9970114715125652,0.9940318743276505,0.07507823758603108,0.053600159491799394,0.0,0.0,0.0,0.0
ieee69,4,49,0.9879261095771313,0.9759979979842061,0.36560250632083735,0.26087311667551305,0.0,0.0,0.2242542031216553,0.0
ieee69,4,50,0.9857398224168418,0.9716829974983867,0.36560250632083735,0.26087311667551305,0.0,0.0,0.0,0.082121927609933
ieee69,4,51,0.9958253950691668,0.9916682174646622,0.03848947623081339,0.02689511548967949,0.0,0.0,0.0,0.0
ieee69,4,52,0.995816447743073,0.9916503975956324,0.003421286776072302,0.0025659650820542266,0.0,0.0,0.0,0.0
ieee69,4,53,0.9956174178739802,0.9912540427740517,0.004086536982530805,0.0033262510322925156,0.0,0.0,0.0,0.0
ieee69,4,54,0.9955341888743621,0.991088321217734,0.025089436357863544,0.018056791318159373,0.0,0.0,0.0,0.0
ieee69,4,55,0.9954787380036682,0.9909779178173759,0.02280857850714868,0.01634614793012322,0.0,0.0,0.0,0.0
ieee69,4,56,0.9954787380036682,0.9909779178173759,0.0,0.0,0.0,0.0,0.0,0.0
ieee69,4,57,0.9954787380036682,0.9909779178173759,0.0,0.0,0.0,0.0,0.0,0.0
ieee69,4,58,0.9954787380036682,0.9909779178173759,0.0,0.0,0.0,0.0,0.0,0.0
ieee69,4,59,0.960538001510246,0.9226332523452975,0.09503574377978616,0.06842573552144604,0.0,0.0,0.0,0.0
ieee69,4,60,0.9574881138474952,0.9167834881592339,0.0,0.0,0.0,0.0,0.0,0.0
ieee69,4,61,0.9528874368043942,0.9079944672196485,1.18224465262054,0.8439174047645013,0.0,0.0,0.2242542031216553,0.0
ieee69,4,62,1.0,1.0,0.030411438009531576,0.02185822106935082,0.030411438009531576,0.02185822106935082,0.0,0.0
ieee69,4,63,1.0,1.0,0.0,0.0,0.0,0.0,0.0,0.0
ieee69,4,64,1.0,1.0,0.2157311383801146,0.15395790492325356,0.2157311383801146,0.15395790492325356,0.0,0.0
ieee69,4,65,1.0,1.0,0.056071088830073834,0.0399150123875102,0.056071088830073834,0.0399150123875102,0.0,0.0
ieee69,4,66,0.9935827903031473,0.987206761186588,0.01710643388036151,0.012354646691372201,0.0,0.0,0.0,0.0
ieee69,4,67,0.9935821768113579,0.9872055420771964,0.01710643388036151,0.012354646691372201,0.0,0.0,0.0,0.0
ieee69,4,68,0.9919386081767501,0.983942202391628,0.026610008258340125,0.019007148755957232,0.0,0.0,0.0,0.0
ieee69,4,69,0.9919376302230687,0.9839402622525573,0.026610008258340125,0.019007148755957232,0.0,0.0,0.0,0.0
ieee69,5,1,1.0,1.0,0.0,0.0,0.0,0.0,0.0,0.0
ieee69,5,2,0.9999803288679175,0.9999606581227886,0.0,0.0,0.0,0.0,0.0,0.0
ieee69,5,3,0.9999606573488664,0.9999213162455771,0.0,0.0,0.0,0.0,0.0,0.0
ieee69,5,4,0.9999083173126478,0.9998166430310109,0.0,0.0,0.0,0.0,0.0,0.0
ieee69,5,5,0.9995703932952015,0.9991409711523238,0.0,0.0,0.0,0.0,0.0,0.0
ieee69,5,6,0.9959925919603339,0.9920012432398642,0.0024948541014827327,0.0021110303935623124,0.0,0.0,0.0,0.0
ieee69,5,7,0.9922626662553844,0.9845851988442443,0.03876619449996247,0.028786778094031535,0.0,0.0,0.0,0.0
ieee69,5,8,0.9913887822190024,0.9828517175096765,0.07196694523507882,0.051816200569256766,0.0,0.0,0.0,0.0
ieee69,5,9,0.9909697284228159,0.9820210026503895,0.028786778094031535,0.021110303935623118,0.0,0.0,0.0,0.0
ieee69,5,10,0.9852327957780649,0.9706836618766621,0.026867659554429428,0.018231626126219973,0.0,0.0,0.0,0.0
ieee69,5,11,0.9839557315124395,0.9681688815761801,0.1391360941211524,0.09979416405930931,0.0,0.0,0.03487421261757304,0.0
ieee69,5,12,0.9799038331430544,0.960211522208451,0.1391360941211524,0.09979416405930931,0.0,0.0,0.0,0.0
ieee69,5,13,0.9755811013649488,0.9517584853404466,0.007676474158408409,0.005277575983905779,0.0,0.0,0.0,0.0
ieee69,5,14,0.9744739560710921,0.9495994910608448,0.007676474158408409,0.005277575983905779,0.0,0.0,0.0,0.0
ieee69,5,15,0.9734112754479157,0.947529511169138,0.0,0.0,0.0,0.0,0.0,0.0
ieee69,5,16,0.9732136552364902,0.9471448187387699,0.04365994677594783,0.028786778094031535,0.0,0.0,0.0,0.0
ieee69,5,17,0.9729648758322009,0.9466606496031701,0.05757355618806307,0.033584574443036794,0.0,0.0,0.0,0.0
ieee69,5,18,0.972963812277372,0.9466585800013173,0.05757355618806307,0.033584574443036794,0.0,0.0,0.03487421261757304,0.0
ieee69,5,19,0.9729613966139905,0.9466538793010468,0.0,0.0,0.0,0.0,0.0,0.0
ieee69,5,20,0.9729598459786729,0.9466508618868429,0.0009595592698010511,0.0005757355618806306,0.0,0.0,0.0,0.0
ieee69,5,21,0.9733143885295198,0.947340898918593,0.10938975675731982,0.07772430085388514,0.0,0.0,0.0,0.10260435681348706
ieee69,5,22,0.9732740704522168,0.9472624162146267,0.005085664129945571,0.0033584574443036785,0.0,0.0,0.0,0.0
ieee69,5,23,0.9728215494713325,0.9463817671158041,0.0,0.0,0.0,0.0,0.0,0.0
ieee69,5,24,0.9718358392576405,0.9444648984656024,0.026867659554429428,0.01919118539602102,0.0,0.0,0.0,0.0
ieee69,5,25,0.9698611547330981,0.9406306594602184,0.0,0.0,0.0,0.0,0.0,0.0
ieee69,5,26,0.9690453727905056,0.93904893452669,0.013433829777214714,0.00959559269801051,0.0,0.0,0.0,0.0
ieee69,5,27,0.9686062595220469,0.9381980859852909,0.013433829777214714,0.00959559269801051,0.0,0.0,0.0,0.0
ieee69,5,28,0.9999540309683073,0.9999080640497663,0.024948541014827328,0.01784780241829955,0.0,0.0,0.0,0.0
ieee69,5,29,0.9998852661167796,0.9997705453974233,0.024948541014827328,0.01784780241829955,0.0,0.0,0.0,0.0
ieee69,5,30,0.9997691288848285,0.9995383110711288,0.0,0.0,0.0,0.0,0.0,0.0
ieee69,5,31,0.9997486336650455,0.9994973305151253,0.0,0.0,0.0,0.0,0.0,0.0
ieee69,5,32,0.9996461512630898,0.9992924277351081,0.0,0.0,0.0,0.0,0.0,0.0
ieee69,5,33,0.9994004183983873,0.9988011962948717,0.013433829777214714,0.00959559269801051,0.0,0.0,0.0,0.0
ieee69,5,34,0.9990785747556151,0.9981579985357113,0.018711405761120497,0.013433829777214714,0.0,0.0,0.0,0.0
ieee69,5,35,0.9990138949015691,0.9980287622064034,0.005757355618806307,0.0038382370792042044,0.0,0.0,0.0,0.0
ieee69,5,36,0.999947420110681,0.9998948429860068,0.024948541014827328,0.01784780241829955,0.0,0.0,0.0,0.0
ieee69,5,37,0.9997827114298379,0.9995654700739985,0.024948541014827328,0.01784780241829955,0.0,0.0,0.0,0.0
ieee69,5,38,0.9996307677252264,0.9992616717829255,0.0,0.0,0.0,0.0,0.0,0.0
ieee69,5,39,0.9995869029285464,0.9991739765062831,0.023029422475225228,0.01631250758661787,0.0,0.0,0.0,0.0
ieee69,5,40,0.999584779262197,0.999169730932655,0.023029422475225228,0.01631250758661787,0.0,0.0,0.0,0.0
ieee69,5,41,0.9989160788925776,0.9978333326701223,0.0011514711237612613,0.0009595592698010511,0.0,0.0,0.0,0.0
ieee69,5,42,0.9986356736840146,0.9972732087543258,0.0,0.0,0.0,0.0,0.0,0.0
ieee69,5,43,0.9985986218841303,0.9971992076288843,0.005757355618806307,0.00412610486014452,0.0,0.0,0.0,0.0
ieee69,5,44,0.998590639423826,0.9971832651448856,0.0,0.0,0.0,0.0,0.0,0.0
ieee69,5,45,0.9984961492823534,0.9969945601316877,0.03761472337620121,0.025236408795767645,0.0,0.0,0.0,0.0
ieee69,5,46,0.9984957485129778,0.9969937597984918,0.03761472337620121,0.025236408795767645,0.0,0.0,0.0,0.0
ieee69,5,47,0.9998578559782952,0.9997157321615134,0.0,0.0,0.0,0.0,0.0,0.0
ieee69,5,48,0.9986019152994989,0.9972057852398277,0.07580518231428304,0.054119142816779285,0.0,0.0,0.0,0.0
ieee69,5,49,0.9946926153789594,0.9894133990894344,0.36914245109246435,0.2633990195603885,0.0,0.0,0.03487421261757304,0.0
ieee69,5,50,0.9940861251426731,0.9882072242011745,0.36914245109246435,0.2633990195603885,0.0,0.0,0.0,0.10260435681348706
ieee69,5,51,0.9913552125365825,0.9827851574234527,0.03886215042694257,0.027155527335369745,0.0,0.0,0.0,0.0
ieee69,5,52,0.9913461378416795,0.982767165013614,0.0034544133712837836,0.002590810028462838,0.0,0.0,0.0,0.0
ieee69,5,53,0.990890973152083,0.9818649206742821,0.00412610486014452,0.0033584574443036785,0.0,0.0,0.0,0.0
ieee69,5,54,0.990806537382386,0.9816975945196734,0.025332364722747747,0.018231626126219973,0.0,0.0,0.0,0.0
ieee69,5,55,0.9907502824318765,0.981586122138843,0.023029422475225228,0.01650441944057808,0.0,0.0,0.0,0.0
ieee69,5,56,0.9907502824318765,0.981586122138843,0.0,0.0,0.0,0.0,0.0,0.0
ieee69,5,57,0.9907502824318765,0.981586122138843,0.0,0.0,0.0,0.0,0.0,0.0
ieee69,5,58,0.9907502824318765,0.981586122138843,0.0,0.0,0.0,0.0,0.0,0.0
ieee69,5,59,0.992012204731133,0.9840882143355235,0.0959559269801051,0.06908826742567568,0.0,0.0,0.0,0.0
ieee69,5,60,1.0,1.0,0.0,0.0,0.0,0.0,0.0,0.0
ieee69,5,61,1.0,1.0,1.1936917316325075,0.8520886315833334,1.1936917316325075,0.8520886315833334,0.0,0.0
ieee69,5,62,0.9634213577993642,0.9281807126639705,0.030705896633633635,0.022069863205424173,0.0,0.0,0.0,0.0
ieee69,5,63,0.9634607391283012,0.9282565958416524,0.0,0.0,0.0,0.0,0.0,0.0
ieee69,5,64,0.9636537243865092,0.9286285005239902,0.21781995424483863,0.15544860170777028,0.0,0.0,0.0,0.0
ieee69,5,65,0.9659354858655905,0.9330313628543944,0.056613996918262015,0.04030148933164415,0.0,0.0,0.0,0.0
ieee69,5,66,0.983901992470503,0.9680631307874259,0.01727206685641892,0.012474270507413664,0.0,0.0,0.0,0.0
ieee69,5,67,0.9839013669438683,0.9680618998740126,0.01727206685641892,0.012474270507413664,0.0,0.0,0.0,0.0
ieee69,5,68,0.9795910733642883,0.9595986710149984,0.026867659554429428,0.01919118539602102,0.0,0.0,0.0,0.0
ieee69,5,69,0.979590073495306,0.9595967120905391,0.026867659554429428,0.01919118539602102,0.0,0.0,0.0,0.0
ieee69,6,1,1.0,1.0,0.0,0.0,0.0,0.0,0.0,0.0
ieee69,6,2,0.9999799793182425,0.9999599590373125,0.0,0.0,0.0,0.0,0.0,0.0
ieee69,6,3,0.9999599582356411,0.999919918074625,0.0,0.0,0.0,0.0,0.0,0.0
ieee69,6,4,0.9999061076090382,0.9998122240338575,0.0,0.0,0.0,0.0,0.0,0.0
ieee69,6,5,0.9998196916134553,0.9996394157380248,0.0,0.0,0.0,0.0,0.0,0.0
ieee69,6,6,0.9990020568947141,0.9980051096798697,0.002322288203850224,0.0019650130955655744,0.0,0.0,0.0,0.0
ieee69,6,7,0.9981580047686982,0.9963194024838286,0.03608478593674964,0.026795633121348743,0.0,0.0,0.0,0.0
ieee69,6,8,0.9979822629403526,0.9959685971435471,0.06698908280337185,0.04823213961842773,0.0,0.0,0.0,0.0
ieee69,6,9,0.9979330359960022,0.9958703443321983,0.026795633121348743,0.01965013095565574,0.0,0.0,0.0,0.0
ieee69,6,10,0.9977679823768245,0.9955409466563192,0.02500925757992549,0.01697056764352087,0.0,0.0,0.0,0.0
ieee69,6,11,0.9977660760344713,0.9955371424852263,0.12951222675318558,0.09289152815400896,0.0,0.0,0.19843314081883245,0.0
ieee69,6,12,1.0,1.0,0.12951222675318558,0.09289152815400896,0.12951222675318558,0.09289152815400896,0.0,0.0
ieee69,6,13,1.0,1.0,0.007145502165692998,0.004912532738913935,0.007145502165692998,0.004912532738913935,0.0,0.0
ieee69,6,14,1.0,1.0,0.007145502165692998,0.004912532738913935,0.007145502165692998,0.004912532738913935,0.0,0.0
ieee69,6,15,1.0,1.0,0.0,0.0,0.0,0.0,0.0,0.0
ieee69,6,16,1.0,1.0,0.04064004356737892,0.026795633121348743,0.04064004356737892,0.026795633121348743,0.0,0.0
ieee69,6,17,1.0,1.0,0.053591266242697486,0.03126157197490687,0.053591266242697486,0.03126157197490687,0.0,0.0
ieee69,6,18,1.0,1.0,0.053591266242697486,0.03126157197490687,0.05359126624269747,0.03126157197490687,0.0,0.0
ieee69,6,19,1.0,1.0,0.0,0.0,0.0,0.0,0.0,0.0
ieee69,6,20,1.0,1.0,0.0008931877707116248,0.0005359126624269748,0.0008931877707116248,0.0005359126624269748,0.0,0.0
ieee69,6,21,1.0,1.0,0.1018234058611252,0.0723482094276416,0.1018234058611252,0.0723482094276416,0.0,0.0
ieee69,6,22,1.0,1.0,0.0047338951847716105,0.003126157197490686,0.0047338951847716105,0.003126157197490686,0.0,0.0
ieee69,6,23,1.0,1.0,0.0,0.0,0.0,0.0,0.0,0.0
ieee69,6,24,1.0,1.0,0.02500925757992549,0.017863755414232494,0.02500925757992549,0.017863755414232494,0.0,0.0
ieee69,6,25,1.0,1.0,0.0,0.0,0.0,0.0,0.0,0.0
ieee69,6,26,1.0,1.0,0.012504628789962745,0.008931877707116247,0.012504628789962745,0.008931877707116247,0.0,0.0
ieee69,6,27,1.0,1.0,0.012504628789962745,0.008931877707116247,0.012504628789962745,0.008931877707116247,0.0,0.0
ieee69,6,28,0.9999537901905318,0.9999075825164101,0.02322288203850224,0.01661329253523622,0.0,0.0,0.0,0.0
ieee69,6,29,0.9998897818534982,0.9997795758550363,0.02322288203850224,0.01661329253523622,0.0,0.0,0.0,0.0
ieee69,6,30,0.9997816786093298,0.9995634048828892,0.0,0.0,0.0,0.0,0.0,0.0
ieee69,6,31,0.9997626012709362,0.999525258900029,0.0,0.0,0.0,0.0,0.0,0.0
ieee69,6,32,0.9996672091179782,0.9993345289857276,0.0,0.0,0.0,0.0,0.0,0.0
ieee69,6,33,0.9994384800486239,0.9988772754019035,0.012504628789962745,0.008931877707116247,0.0,0.0,0.0,0.0
ieee69,6,34,0.999138912672767,0.9982785668169192,0.017417161528876682,0.012504628789962745,0.0,0.0,0.0,0.0
ieee69,6,35,0.9990787104131428,0.9981582696007884,0.005359126624269748,0.003572751082846499,0.0,0.0,0.0,0.0
ieee69,6,36,0.999947636597478,0.999895275936882,0.02322288203850224,0.01661329253523622,0.0,0.0,0.0,0.0
ieee69,6,37,0.9997943215141484,0.9995886853319363,0.02322288203850224,0.01661329253523622,0.0,0.0,0.0,0.0
ieee69,6,38,0.9996528899492036,0.9993059003837947,0.0,0.0,0.0,0.0,0.0,0.0
ieee69,6,39,0.9996120601905233,0.9992242708783424,0.021436506497078994,0.015184192102097621,0.0,0.0,0.0,0.0
ieee69,6,40,0.9996100834653799,0.9992203189656638,0.021436506497078994,0.015184192102097621,0.0,0.0,0.0,0.0
ieee69,6,41,0.9989876664293484,0.9979763576779551,0.0010718253248539495,0.0008931877707116248,0.0,0.0,0.0,0.0
ieee69,6,42,0.9987266777371224,0.99745497682383,0.0,0.0,0.0,0.0,0.0,0.0
ieee69,6,43,0.9986921919502966,0.997386094262488,0.005359126624269748,0.0038407074140599864,0.0,0.0,0.0,0.0
ieee69,6,44,0.9986847623248846,0.9973712544999112,0.0,0.0,0.0,0.0,0.0,0.0
ieee69,6,45,0.9985968165247765,0.997195601973418,0.035012960611895697,0.02349083836971573,0.0,0.0,0.0,0.0
ieee69,6,46,0.9985964435137226,0.9971948569982554,0.035012960611895697,0.02349083836971573,0.0,0.0,0.0,0.0
ieee69,6,47,0.9998012832082153,0.9996026059047938,0.0,0.0,0.0,0.0,0.0,0.0
ieee69,6,48,0.9971910341305842,0.994389958550424,0.07056183388621835,0.05037579026813563,0.0,0.0,0.0,0.0
ieee69,6,49,0.9886070976417259,0.9773439935075972,0.34360933539276195,0.245180043060341,0.0,0.0,0.19843314081883245,0.0
ieee69,6,50,0.9865463595135395,0.9732737194694179,0.34360933539276195,0.245180043060341,0.0,0.0,0.0,0.07503854022469539
ieee69,6,51,0.9979512217208649,0.9959066409341668,0.0361741047138208,0.02527721391113898,0.0,0.0,0.0,0.0
ieee69,6,52,0.9979428305451786,0.9958898930365232,0.003215475974561849,0.002411606980921387,0.0,0.0,0.0,0.0
ieee69,6,53,0.9978602398876549,0.9957250583486483,0.0038407074140599864,0.003126157197490686,0.0,0.0,0.0,0.0
ieee69,6,54,0.9977821936335501,0.9955693059321794,0.023580157146786893,0.01697056764352087,0.0,0.0,0.0,0.0
ieee69,6,55,0.9977301959721947,0.995465543954714,0.021436506497078994,0.015362829656239946,0.0,0.0,0.0,0.0
ieee69,6,56,0.9977301959721947,0.995465543954714,0.0,0.0,0.0,0.0,0.0,0.0
ieee69,6,57,0.9977301959721947,0.995465543954714,0.0,0.0,0.0,0.0,0.0,0.0
ieee69,6,58,0.9977301959721947,0.995465543954714,0.0,0.0,0.0,0.0,0.0,0.0
ieee69,6,59,0.9627392524449254,0.9268668681982137,0.08931877707116247,0.06430951949123698,0.0,0.0,0.0,0.0
ieee69,6,60,0.9598487343603015,0.9213095928530726,0.0,0.0,0.0,0.0,0.0,0.0
ieee69,6,61,0.9554952614796214,0.91297119471001,1.1111255867652612,0.7931507403919227,0.0,0.0,0.19843314081883245,0.0
ieee69,6,62,1.0,1.0,0.028582008662771993,0.020543318726367367,0.028582008662771993,0.020543318726367367,0.0,0.0
ieee69,6,63,1.0,1.0,0.0,0.0,0.0,0.0,0.0,0.0
ieee69,6,64,1.0,1.0,0.20275362395153884,0.1446964188552832,0.20275362395153884,0.1446964188552832,0.0,0.0
ieee69,6,65,1.0,1.0,0.05269807847198585,0.03751388636988824,0.05269807847198585,0.037513886369888234,0.0,0.0
ieee69,6,66,0.9977167465491202,0.9954387063445614,0.016077379872809244,0.01161144101925112,0.0,0.0,0.0,0.0
ieee69,6,67,0.9977161723515708,0.9954375605718695,0.016077379872809244,0.01161144101925112,0.0,0.0,0.0,0.0
ieee69,6,68,1.0,1.0,0.02500925757992549,0.017863755414232494,0.02500925757992549,0.017863755414232494,0.0,0.0
ieee69,6,69,1.0,1.0,0.02500925757992549,0.017863755414232494,0.02500925757992549,0.017863755414232494,0.0,0.0
ieee69,7,1,1.0,1.0,0.0,0.0,0.0,0.0,0.0,0.0
ieee69,7,2,0.9999812455183751,0.9999624913884808,0.0,0.0,0.0,0.0,0.0,0.0
ieee69,7,3,0.9999624906850064,0.9999249827769616,0.0,0.0,0.0,0.0,0.0,0.0
ieee69,7,4,0.9999122297873042,0.9998244672782187,0.0,0.0,0.0,0.0,0.0,0.0
ieee69,7,5,0.9998437449722555,0.9996875143601446,0.0,0.0,0.0,0.0,0.0,0.0
ieee69,7,6,0.9991030802098254,0.9982069648847609,0.002244090745085421,0.0018988460150722794,0.0,0.0,0.0,0.0
ieee69,7,7,0.9983390586995846,0.9966808761251728,0.03486971773132731,0.02589335475098563,0.0,0.0,0.0,0.0
ieee69,7,8,0.9981817541644443,0.9963668143468072,0.06473338687746408,0.04660803855177414,0.0,0.0,0.0,0.0
ieee69,7,9,0.9981408502965721,0.9962851570307639,0.02589335475098563,0.01898846015072279,0.0,0.0,0.0,0.0
ieee69,7,10,0.9979893668465306,0.9959827763387391,0.02416713110091992,0.01639912467562423,0.0,0.0,0.0,0.0
ieee69,7,11,1.0,1.0,0.12515121462976386,0.08976362980341684,0.12515121462976386,0.08976362980341684,0.0,0.0
ieee69,7,12,1.0,1.0,0.12515121462976386,0.08976362980341684,0.12515121462976386,0.08976362980341684,0.0,0.0
ieee69,7,13,1.0,1.0,0.006904894600262835,0.004747115037680698,0.006904894600262835,0.004747115037680698,0.0,0.0
ieee69,7,14,1.0,1.0,0.006904894600262835,0.004747115037680698,0.006904894600262835,0.004747115037680698,0.0,0.0
ieee69,7,15,1.0,1.0,0.0,0.0,0.0,0.0,0.0,0.0
ieee69,7,16,1.0,1.0,0.03927158803899488,0.02589335475098563,0.03927158803899488,0.02589335475098563,0.0,0.0
ieee69,7,17,1.0,1.0,0.05178670950197126,0.030208913876149903,0.05178670950197126,0.030208913876149907,0.0,0.0
ieee69,7,18,1.0,1.0,0.05178670950197126,0.030208913876149903,0.051786709501971256,0.030208913876149903,0.0,0.0
ieee69,7,19,1.0,1.0,0.0,0.0,0.0,0.0,0.0,0.0
ieee69,7,20,1.0,1.0,0.0008631118250328544,0.0005178670950197126,0.0008631118250328544,0.0005178670950197126,0.0,0.0
ieee69,7,21,1.0,1.0,0.0983947480537454,0.06991205782766119,0.0983947480537454,0.06991205782766119,0.0,0.0
ieee69,7,22,1.0,1.0,0.004574492672674128,0.00302089138761499,0.004574492672674128,0.00302089138761499,0.0,0.0
ieee69,7,23,1.0,1.0,0.0,0.0,0.0,0.0,0.0,0.0
ieee69,7,24,1.0,1.0,0.02416713110091992,0.01726223650065709,0.02416713110091992,0.01726223650065709,0.0,0.0
ieee69,7,25,1.0,1.0,0.0,0.0,0.0,0.0,0.0,0.0
ieee69,7,26,1.0,1.0,0.01208356555045996,0.008631118250328544,0.01208356555045996,0.008631118250328544,0.0,0.0
ieee69,7,27,1.0,1.0,0.01208356555045996,0.008631118250328544,0.01208356555045996,0.008631118250328544,0.0,0.0
ieee69,7,28,0.9999565303496658,0.9999130625889421,0.02244090745085421,0.016053879945611093,0.0,0.0,0.0,0.0
ieee69,7,29,0.9998946775752963,0.9997893662434058,0.02244090745085421,0.016053879945611093,0.0,0.0,0.0,0.0
ieee69,7,30,0.999790215149055,0.9995804743077936,0.0,0.0,0.0,0.0,0.0,0.0
ieee69,7,31,0.9997717803573863,0.9995436127989779,0.0,0.0,0.0,0.0,0.0,0.0
ieee69,7,32,0.9996796012997861,0.9993593052548991,0.0,0.0,0.0,0.0,0.0,0.0
ieee69,7,33,0.9994585777227446,0.9989174485835715,0.01208356555045996,0.008631118250328544,0.0,0.0,0.0,0.0
ieee69,7,34,0.9991691048402938,0.998338900067354,0.01683068058814066,0.01208356555045996,0.0,0.0,0.0,0.0
ieee69,7,35,0.9991109315636935,0.9982226535700713,0.0051786709501971265,0.0034524473001314175,0.0,0.0,0.0,0.0
ieee69,7,36,0.9999505839809395,0.9999011704038219,0.02244090745085421,0.016053879945611093,0.0,0.0,0.0,0.0
ieee69,7,37,0.9998024322328101,0.9996049034986427,0.02244090745085421,0.016053879945611093,0.0,0.0,0.0,0.0
ieee69,7,38,0.9996657644693772,0.9993316406521442,0.0,0.0,0.0,0.0,0.0,0.0
ieee69,7,39,0.9996263100897097,0.9992527598235684,0.020714683800788506,0.014672901025558524,0.0,0.0,0.0,0.0
ieee69,7,40,0.9996243999533152,0.9992489409820254,0.020714683800788506,0.014672901025558524,0.0,0.0,0.0,0.0
ieee69,7,41,0.999022956239169,0.9980468670928487,0.0010357341900394251,0.0008631118250328544,0.0,0.0,0.0,0.0
ieee69,7,42,0.9987707657328114,0.9975430424825066,0.0,0.0,0.0,0.0,0.0,0.0
ieee69,7,43,0.998737442662193,0.9974764793754173,0.0051786709501971265,0.0037113808476412734,0.0,0.0,0.0,0.0
ieee69,7,44,0.9987302635376996,0.9974621393060827,0.0,0.0,0.0,0.0,0.0,0.0
ieee69,7,45,0.998645283098615,0.997292401455113,0.0338339835412879,0.02269984099836407,0.0,0.0,0.0,0.0
ieee69,7,46,0.9986449226653052,0.9972916815651935,0.0338339835412879,0.02269984099836407,0.0,0.0,0.0,0.0
ieee69,7,47,0.9998100026331439,0.9996200413652873,0.0,0.0,0.0,0.0,0.0,0.0
ieee69,7,48,0.9972643622586521,0.9945362082311562,0.0681858341775955,0.04867950693185298,0.0,0.0,0.0,0.0
ieee69,7,49,0.9888908744148656,0.9779051615009975,0.332039119090139,0.2369241959715185,0.0,0.0,0.16985299277308752,0.0
ieee69,7,50,0.9868886911159425,0.973949288652538,0.332039119090139,0.2369241959715185,0.0,0.0,0.0,0.07232308033077882
ieee69,7,51,0.9981517641939371,0.996306944363469,0.034956028913830595,0.02442606464842978,0.0,0.0,0.0,0.0
ieee69,7,52,0.9981436572011655,0.9962907604109177,0.0031072025701182754,0.0023304019275887065,0.0,0.0,0.0,0.0
ieee69,7,53,0.998070520155056,0.9961447632025842,0.0037113808476412734,0.00302089138761499,0.0,0.0,0.0,0.0
ieee69,7,54,0.9979951179105992,0.9959942553733909,0.022786152180867356,0.01639912467562423,0.0,0.0,0.0,0.0
ieee69,7,55,0.9979448819100482,0.9958939873304599,0.020714683800788506,0.014845523390565094,0.0,0.0,0.0,0.0
ieee69,7,56,0.9979448819100482,0.9958939873304599,0.0,0.0,0.0,0.0,0.0,0.0
ieee69,7,57,0.9979448819100482,0.9958939873304599,0.0,0.0,0.0,0.0,0.0,0.0
ieee69,7,58,0.9979448819100482,0.9958939873304599,0.0,0.0,0.0,0.0,0.0,0.0
ieee69,7,59,0.9636174333643628,0.9285585578837221,0.08631118250328543,0.06214405140236551,0.0,0.0,0.0,0.0
ieee69,7,60,0.9607720359275898,0.9230829050204459,0.0,0.0,0.0,0.0,0.0,0.0
ieee69,7,61,0.9564970482451464,0.9148866033016778,1.0737111103408707,0.7664433006291748,0.0,0.0,0.16985299277308752,0.0
ieee69,7,62,1.0,1.0,0.02761957840105134,0.01985157197575565,0.02761957840105134,0.01985157197575565,0.0,0.0
ieee69,7,63,1.0,1.0,0.0,0.0,0.0,0.0,0.0,0.0
ieee69,7,64,1.0,1.0,0.19592638428245795,0.13982411565532238,0.19592638428245795,0.13982411565532238,0.0,0.0
ieee69,7,65,1.0,1.0,0.0509235976769384,0.036250696651379886,0.0509235976769384,0.036250696651379886,0.0,0.0
ieee69,7,66,1.0,1.0,0.015536012850591377,0.011220453725427106,0.015536012850591377,0.011220453725427106,0.0,0.0
ieee69,7,67,1.0,1.0,0.015536012850591377,0.011220453725427106,0.015536012850591377,0.011220453725427106,0.0,0.0
ieee69,7,68,1.0,1.0,0.02416713110091992,0.01726223650065709,0.02416713110091992,0.01726223650065709,0.0,0.0
ieee69,7,69,1.0,1.0,0.02416713110091992,0.01726223650065709,0.02416713110091992,0.01726223650065709,0.0,0.0
ieee69,8,1,1.0,1.0,0.0,0.0,0.0,0.0,0.0,0.0
ieee69,8,2,0.9999807104724451,0.9999614213169761,0.0,0.0,0.0,0.0,0.0,0.0
ieee69,8,3,0.9999614205727899,0.9999228426339521,0.0,0.0,0.0,0.0,0.0,0.0
ieee69,8,4,0.9999105007548891,0.9998210095198931,0.0,0.0,0.0,0.0,0.0,0.0
ieee69,8,5,0.9998978700448589,0.9997957505202454,0.0,0.0,0.0,0.0,0.0,0.0
ieee69,8,6,0.9997623242872224,0.9995247050641893,0.002597716522922117,0.002198067827087945,0.0,0.0,0.0,0.0
ieee69,8,7,0.9996300321020655,0.9992602010803765,0.04036451827925135,0.02997365218756289,0.0,0.0,0.0,0.0
ieee69,8,8,1.0,1.0,0.0749341304689072,0.0539525739376132,0.0749341304689072,0.0539525739376132,0.0,0.0
ieee69,8,9,1.0,1.0,0.02997365218756289,0.021980678270879447,0.02997365218756289,0.021980678270879447,0.0,0.0
ieee69,8,10,1.0,1.0,0.027975408708392026,0.01898331305212316,0.027975408708392026,0.01898331305212316,0.0,0.0
ieee69,8,11,1.0,1.0,0.14487265223988727,0.10390866091688468,0.14487265223988727,0.10390866091688468,0.0,0.0
ieee69,8,12,1.0,1.0,0.14487265223988727,0.10390866091688468,0.14487265223988727,0.10390866091688468,0.0,0.0
ieee69,8,13,1.0,1.0,0.007992973916683438,0.005495169567719862,0.007992973916683438,0.005495169567719862,0.0,0.0
ieee69,8,14,1.0,1.0,0.007992973916683438,0.005495169567719862,0.007992973916683438,0.005495169567719862,0.0,0.0
ieee69,8,15,1.0,1.0,0.0,0.0,0.0,0.0,0.0,0.0
ieee69,8,16,1.0,1.0,0.045460039151137055,0.02997365218756289,0.045460039151137055,0.029973652187562885,0.0,0.0
ieee69,8,17,1.0,1.0,0.05994730437512578,0.034969260885490044,0.05994730437512578,0.03496926088549004,0.0,0.0
ieee69,8,18,1.0,1.0,0.05994730437512578,0.034969260885490044,0.059947304375125784,0.034969260885490044,0.0,0.0
ieee69,8,19,1.0,1.0,0.0,0.0,0.0,0.0,0.0,0.0
ieee69,8,20,1.0,1.0,0.0009991217395854297,0.0005994730437512577,0.0009991217395854297,0.0005994730437512576,0.0,0.0
ieee69,8,21,1.0,1.0,0.11389987831273898,0.08092886090641979,0.11389987831273898,0.08092886090641979,0.0,0.0
ieee69,8,22,1.0,1.0,0.005295345219802777,0.0034969260885490032,0.005295345219802777,0.0034969260885490032,0.0,0.0
ieee69,8,23,1.0,1.0,0.0,0.0,0.0,0.0,0.0,0.0
ieee69,8,24,1.0,1.0,0.027975408708392026,0.01998243479170859,0.027975408708392026,0.01998243479170859,0.0,0.0
ieee69,8,25,1.0,1.0,0.0,0.0,0.0,0.0,0.0,0.0
ieee69,8,26,1.0,1.0,0.013987704354196013,0.009991217395854296,0.013987704354196013,0.009991217395854296,0.0,0.0
ieee69,8,27,1.0,1.0,0.013987704354196013,0.009991217395854296,0.013987704354196013,0.009991217395854296,0.0,0.0
ieee69,8,28,0.9999545209919812,0.9999090440523027,0.02597716522922117,0.01858366435628899,0.0,0.0,0.0,0.0
ieee69,8,29,0.9998829209105922,0.9997658555286976,0.02597716522922117,0.01858366435628899,0.0,0.0,0.0,0.0
ieee69,8,30,0.9997619947865539,0.9995240462195896,0.0,0.0,0.0,0.0,0.0,0.0
ieee69,8,31,0.9997406543909519,0.9994813760420488,0.0,0.0,0.0,0.0,0.0,0.0
ieee69,8,32,0.9996339455792529,0.9992680251543447,0.0,0.0,0.0,0.0,0.0,0.0
ieee69,8,33,0.9993780767673357,0.9987565403231786,0.013987704354196013,0.009991217395854296,0.0,0.0,0.0,0.0
ieee69,8,34,0.9990429538447914,0.9980868236269259,0.019482873921915878,0.013987704354196013,0.0,0.0,0.0,0.0
ieee69,8,35,0.9989756047597773,0.9979522589051629,0.0059947304375125784,0.003996486958341719,0.0,0.0,0.0,0.0
ieee69,8,36,0.999947637572225,0.999895277886274,0.02597716522922117,0.01858366435628899,0.0,0.0,0.0,0.0
ieee69,8,37,0.9997761374346008,0.9995523249836499,0.02597716522922117,0.01858366435628899,0.0,0.0,0.0,0.0
ieee69,8,38,0.9996179275800064,0.999236001139347,0.0,0.0,0.0,0.0,0.0,0.0
ieee69,8,39,0.9995722536170017,0.9991446902009716,0.023978921750050314,0.016985069572952306,0.0,0.0,0.0,0.0
ieee69,8,40,0.9995700423597368,0.9991402695830459,0.023978921750050314,0.016985069572952306,0.0,0.0,0.0,0.0
ieee69,8,41,0.9988737517031197,0.9977487718414656,0.0011989460875025154,0.0009991217395854297,0.0,0.0,0.0,0.0
ieee69,8,42,0.9985817713684649,0.9971655541093811,0.0,0.0,0.0,0.0,0.0,0.0
ieee69,8,43,0.9985431898169416,0.9970885019297927,0.0059947304375125784,0.004296223480217347,0.0,0.0,0.0,0.0
ieee69,8,44,0.9985348777783473,0.997071902139819,0.0,0.0,0.0,0.0,0.0,0.0
ieee69,8,45,0.9984364861372894,0.9968754168501778,0.03916557219174885,0.0262769017510968,0.0,0.0,0.0,0.0
ieee69,8,46,0.9984360688193193,0.9968745835193766,0.03916557219174885,0.0262769017510968,0.0,0.0,0.0,0.0
ieee69,8,47,0.9997952802526202,0.9995906024154154,0.0,0.0,0.0,0.0,0.0,0.0
ieee69,8,48,0.9969260997091421,0.9938616482812823,0.07893061742724895,0.05635046611261823,0.0,0.0,0.0,0.0
ieee69,8,49,0.9874923235317112,0.9751410890340578,0.38436213321851476,0.27425891751620046,0.0,0.0,0.2693738347649325,0.0
ieee69,8,50,0.9852095699795055,0.9706378967792022,0.38436213321851476,0.27425891751620046,0.0,0.0,0.0,0.08510712069906265
ieee69,8,51,1.0,1.0,0.040464430453209896,0.028275145230267657,0.040464430453209896,0.028275145230267657,0.0,0.0
ieee69,8,52,1.0,1.0,0.0035968382625075463,0.0026976286968806596,0.0035968382625075463,0.0026976286968806596,0.0,0.0
ieee69,8,53,1.0,1.0,0.004296223480217347,0.0034969260885490032,0.004296223480217347,0.0034969260885490032,0.0,0.0
ieee69,8,54,1.0,1.0,0.02637681392505534,0.01898331305212316,0.02637681392505534,0.01898331305212316,0.0,0.0
ieee69,8,55,1.0,1.0,0.023978921750050314,0.017184893920869387,0.023978921750050314,0.017184893920869387,0.0,0.0
ieee69,8,56,1.0,1.0,0.0,0.0,0.0,0.0,0.0,0.0
ieee69,8,57,1.0,1.0,0.0,0.0,0.0,0.0,0.0,0.0
ieee69,8,58,1.0,1.0,0.0,0.0,0.0,0.0,0.0,0.0
ieee69,8,59,0.9591194966689984,0.9199102088905929,0.09991217395854296,0.07193676525015093,0.0,0.0,0.0,0.0
ieee69,8,60,0.9559927976456984,0.9139222291504494,0.0,0.0,0.0,0.0,0.0,0.0
ieee69,8,61,0.9512597408659637,0.9048950945923804,1.2429074440442744,0.8872201047518615,0.0,0.0,0.2693738347649325,0.0
ieee69,8,62,1.0,1.0,0.03197189566673375,0.02297980001046488,0.03197189566673375,0.02297980001046488,0.0,0.0
ieee69,8,63,1.0,1.0,0.0,0.0,0.0,0.0,0.0,0.0
ieee69,8,64,1.0,1.0,0.22680063488589253,0.16185772181283958,0.22680063488589253,0.16185772181283958,0.0,0.0
ieee69,8,65,1.0,1.0,0.058948182635540344,0.04196311306258805,0.058948182635540344,0.04196311306258805,0.0,0.0
ieee69,8,66,1.0,1.0,0.017984191312537732,0.012988582614610585,0.017984191312537732,0.012988582614610585,0.0,0.0
ieee69,8,67,1.0,1.0,0.017984191312537732,0.012988582614610585,0.017984191312537732,0.012988582614610585,0.0,0.0
ieee69,8,68,1.0,1.0,0.027975408708392026,0.01998243479170859,0.027975408708392026,0.01998243479170859,0.0,0.0
ieee69,8,69,1.0,1.0,0.027975408708392026,0.01998243479170859,0.027975408708392026,0.01998243479170859,0.0,0.0
ieee69,9,1,1.0,1.0,0.0,0.0,0.0,0.0,0.0,0.0
ieee69,9,2,0.9999787748602099,0.9999575501709265,0.0,0.0,0.0,0.0,0.0,0.0
ieee69,9,3,0.9999575492698942,0.9999151003418529,0.0,0.0,0.0,0.0,0.0,0.0
ieee69,9,4,0.9999013001962138,0.9998026101340789,0.0,0.0,0.0,0.0,0.0,0.0
ieee69,9,5,0.9995504616218714,0.9991011253284963,0.0,0.0,0.0,0.0,0.0,0.0
ieee69,9,6,0.9959373164768598,0.9918911383511287,0.002776406255334067,0.0023492668314365186,0.0,0.0,0.0,0.0
ieee69,9,7,0.9921712525560251,0.9844037943985918,0.043141081813652435,0.03203545679231616,0.0,0.0,0.0,0.0
ieee69,9,8,0.9912920666101751,0.9826599613242718,0.08008864198079041,0.0576638222261691,0.0,0.0,0.0,0.0
ieee69,9,9,0.990875656509269,0.9818345666626748,0.03203545679231616,0.02349266831436518,0.0,0.0,0.0,0.0
ieee69,9,10,0.9853240900081449,0.9708635623503789,0.029899759672828416,0.02028912263513357,0.0,0.0,0.0,0.0
ieee69,9,11,0.9840940818794196,0.9684411619900979,0.15483804116286143,0.11105625021336268,0.0,0.0,0.1474142125865926,0.0
ieee69,9,12,0.9798220520421271,0.9600512536680449,0.15483804116286143,0.11105625021336268,0.0,0.0,0.0,0.0
ieee69,9,13,0.9753554156686245,0.9513181868741153,0.008542788477950976,0.005873167078591295,0.0,0.0,0.0,0.0
ieee69,9,14,0.9748489076648955,0.9503303927754401,0.008542788477950976,0.005873167078591295,0.0,0.0,0.0,0.0
ieee69,9,15,0.9744027050950697,0.9494606316965893,0.0,0.0,0.0,0.0,0.0,0.0
ieee69,9,16,0.9743197430665484,0.9492989617292651,0.048587109468346185,0.03203545679231616,0.0,0.0,0.0,0.0
ieee69,9,17,0.9743036215067726,0.9492675468812124,0.06407091358463232,0.03737469959103553,0.0,0.0,0.0,0.0
ieee69,9,18,0.9743057083130677,0.9492716132514286,0.06407091358463232,0.03737469959103553,0.0,0.0,0.1474142125865926,0.0
ieee69,9,19,0.974303023736613,0.9492663820623071,0.0,0.0,0.0,0.0,0.0,0.0
ieee69,9,20,0.9743013004832712,0.9492630241233937,0.001067848559743872,0.0006407091358463232,0.0,0.0,0.0,0.0
ieee69,9,21,0.9726518383038186,0.9460515985557978,0.12173473581080141,0.08649573333925364,0.0,0.0,0.0,0.058012860600297214
ieee69,9,22,0.9726069395347552,0.945964258831163,0.005659597366642522,0.003737469959103552,0.0,0.0,0.0,0.0
ieee69,9,23,0.972102991304968,0.9449842257040667,0.0,0.0,0.0,0.0,0.0,0.0
ieee69,9,24,0.9710051659909407,0.9428510323810941,0.029899759672828416,0.021356971194877443,0.0,0.0,0.0,0.0
ieee69,9,25,0.9688054951388224,0.9385840874111789,0.0,0.0,0.0,0.0,0.0,0.0
ieee69,9,26,0.9678966162924185,0.9368238598303132,0.014949879836414208,0.010678485597438721,0.0,0.0,0.0,0.0
ieee69,9,27,0.9674073549170139,0.9358769903475332,0.014949879836414208,0.010678485597438721,0.0,0.0,0.0,0.0
ieee69,9,28,0.9999501750557119,0.9999003525939489,0.02776406255334067,0.01986198321123602,0.0,0.0,0.0,0.0
ieee69,9,29,0.9998736492817331,0.99974731452797,0.02776406255334067,0.01986198321123602,0.0,0.0,0.0,0.0
ieee69,9,30,0.9997444032479058,0.9994888718255114,0.0,0.0,0.0,0.0,0.0,0.0
ieee69,9,31,0.9997215944874427,0.9994432664845148,0.0,0.0,0.0,0.0,0.0,0.0
ieee69,9,32,0.9996075428784695,0.9992152397795314,0.0,0.0,0.0,0.0,0.0,0.0
ieee69,9,33,0.9993340639255593,0.9986685713219738,0.014949879836414208,0.010678485597438721,0.0,0.0,0.0,0.0
ieee69,9,34,0.9989758689113147,0.9979527866671162,0.020823046915005507,0.014949879836414208,0.0,0.0,0.0,0.0
ieee69,9,35,0.9989038820679638,0.9978089656104484,0.006407091358463233,0.004271394238975488,0.0,0.0,0.0,0.0
ieee69,9,36,0.999942818110839,0.9998856394914464,0.02776406255334067,0.01986198321123602,0.0,0.0,0.0,0.0
ieee69,9,37,0.9997595189881973,0.9995190958075115,0.02776406255334067,0.01986198321123602,0.0,0.0,0.0,0.0
ieee69,9,38,0.9995904225837421,0.999181012921144,0.0,0.0,0.0,0.0,0.0,0.0
ieee69,9,39,0.9995416054151779,0.9990834209559513,0.025628365433852933,0.018153425515645825,0.0,0.0,0.0,0.0
ieee69,9,40,0.9995392419789976,0.9990786962559491,0.025628365433852933,0.018153425515645825,0.0,0.0,0.0,0.0
ieee69,9,41,0.9987950146224372,0.9975914812346346,0.0012814182716926463,0.001067848559743872,0.0,0.0,0.0,0.0
ieee69,9,42,0.9984829220213887,0.9969681455683704,0.0,0.0,0.0,0.0,0.0,0.0
ieee69,9,43,0.9984416824144169,0.9968857931825313,0.006407091358463233,0.00459174880689865,0.0,0.0,0.0,0.0
ieee69,9,44,0.9984327977079542,0.9968680515389327,0.0,0.0,0.0,0.0,0.0,0.0
ieee69,9,45,0.9983276268689754,0.9966580505698401,0.04185966354195979,0.028084417121263836,0.0,0.0,0.0,0.0
ieee69,9,46,0.9983271807962152,0.9966571599165188,0.04185966354195979,0.028084417121263836,0.0,0.0,0.0,0.0
ieee69,9,47,0.9998462560571035,0.999692535751407,0.0,0.0,0.0,0.0,0.0,0.0
ieee69,9,48,0.9984763461147096,0.9969550137505814,0.0843600362197659,0.06022665876955439,0.0,0.0,0.0,0.0
ieee69,9,49,0.994219717367178,0.9884728464016713,0.4108013409334676,0.2931244296496929,0.0,0.0,0.1474142125865926,0.0
ieee69,9,50,0.9935154426080454,0.9870729347006604,0.4108013409334676,0.2931244296496929,0.0,0.0,0.0,0.058012860600297214
ieee69,9,51,0.9912547047668396,0.9825858897223944,0.04324786666962682,0.03022011424075158,0.0,0.0,0.0,0.0
ieee69,9,52,0.9912446049348058,0.9825658668123592,0.0038442548150779392,0.0028831911113084544,0.0,0.0,0.0,0.0
ieee69,9,53,0.9907880047433447,0.9816608703432981,0.00459174880689865,0.003737469959103552,0.0,0.0,0.0,0.0
ieee69,9,54,0.9906940299125726,0.9814746609044134,0.02819120197723822,0.02028912263513357,0.0,0.0,0.0,0.0
ieee69,9,55,0.9906314191029045,0.9813506085138345,0.025628365433852933,0.0183669952275946,0.0,0.0,0.0,0.0
ieee69,9,56,0.9906314191029045,0.9813506085138345,0.0,0.0,0.0,0.0,0.0,0.0
ieee69,9,57,0.9906314191029045,0.9813506085138345,0.0,0.0,0.0,0.0,0.0,0.0
ieee69,9,58,0.9906314191029045,0.9813506085138345,0.0,0.0,0.0,0.0,0.0,0.0
ieee69,9,59,0.9912058724507037,0.9824890815807608,0.10678485597438722,0.07688509630155879,0.0,0.0,0.0,0.0
ieee69,9,60,0.9912058724507037,0.9824890815807608,0.0,0.0,0.0,0.0,0.0,0.0
ieee69,9,61,1.0,1.0,1.3284036083213768,0.9482495210525583,1.3284036083213768,0.9482495210525583,0.0,0.0
ieee69,9,62,0.9616283714893161,0.9247291248531941,0.034171153911803906,0.02456051687410906,0.0,0.0,0.0,0.0
ieee69,9,63,0.9616722787347074,0.9248135716868048,0.0,0.0,0.0,0.0,0.0,0.0
ieee69,9,64,0.9618874398730296,0.9252274469854912,0.24240162306185897,0.1729914666785073,0.0,0.0,0.0,0.0
ieee69,9,65,0.9644310168259995,0.9301271862160313,0.06300306502488845,0.04484963950924264,0.0,0.0,0.0,0.0
ieee69,9,66,0.9840342864409279,0.9683234768913063,0.019221274075389698,0.013882031276670335,0.0,0.0,0.0,0.0
ieee69,9,67,0.9840335904152012,0.9683221070654321,0.019221274075389698,0.013882031276670335,0.0,0.0,0.0,0.0
ieee69,9,68,0.9794739610038365,0.9593692402845451,0.029899759672828416,0.021356971194877443,0.0,0.0,0.0,0.0
ieee69,9,69,0.9794728481633792,0.9593670602892822,0.029899759672828416,0.021356971194877443,0.0,0.0,0.0,0.0
ieee69,10,1,1.0,1.0,0.0,0.0,0.0,0.0,0.0,0.0
ieee69,10,2,0.9999708041137794,0.9999416090799585,0.0,0.0,0.0,0.0,0.0,0.0
ieee69,10,3,0.9999416073751092,0.9998832181599171,0.0,0.0,0.0,0.0,0.0,0.0
ieee69,10,4,0.9998605740097977,0.999721167459202,0.0,0.0,0.0,0.0,0.0,0.0
ieee69,10,5,0.9995182666532203,0.999036765373458,0.0,0.0,0.0,0.0,0.0,0.0
ieee69,10,6,0.9958520100202188,0.99172122586131,0.0024518125496970364,0.0020746106189744157,0.0,0.0,0.0,0.0
ieee69,10,7,0.9920291748592254,0.9841218837718755,0.03809739500298472,0.028290144804196574,0.0,0.0,0.0,0.0
ieee69,10,8,0.991132176038043,0.9823429903779064,0.07072536201049143,0.050922260647553834,0.0,0.0,0.0,0.0
ieee69,10,9,0.9906999210971767,0.9814863336619523,0.028290144804196574,0.02074610618974415,0.0,0.0,0.0,0.0
ieee69,10,10,0.9847205225469013,0.9696745075250425,0.02640413515058347,0.017917091709324498,0.0,0.0,0.0,0.0
ieee69,10,11,0.9833869797239667,0.9670499518906254,0.1367356998869501,0.09807250198788145,0.0,0.0,0.02608362611405113,0.0
ieee69,10,12,0.9791427498784686,0.9587205246395692,0.1367356998869501,0.09807250198788145,0.0,0.0,0.0,0.0
ieee69,10,13,0.9745131383933879,0.9496758569013305,0.007544038614452421,0.005186526547436038,0.0,0.0,0.0,0.0
ieee69,10,14,0.9733766555922285,0.9474621136519119,0.007544038614452421,0.005186526547436038,0.0,0.0,0.0,0.0
ieee69,10,15,0.9722832154394201,0.9453346510252177,0.0,0.0,0.0,0.0,0.0,0.0
ieee69,10,16,0.9720798722519133,0.944939278037296,0.042906719619698136,0.028290144804196574,0.0,0.0,0.0,0.0
ieee69,10,17,0.9718181328303409,0.9444304832978502,0.05658028960839315,0.03300516893822934,0.0,0.0,0.0,0.0
ieee69,10,18,0.9718168735576803,0.9444280357314243,0.05658028960839315,0.03300516893822934,0.0,0.0,0.02608362611405113,0.0
ieee69,10,19,1.0,1.0,0.0,0.0,0.0,0.0,0.0,0.0
ieee69,10,20,1.0,1.0,0.0009430048268065526,0.0005658028960839315,0.0009430048268065526,0.0005658028960839315,0.0,0.0
ieee69,10,21,0.972121666770995,0.9450205350056174,0.10750255025594699,0.07638339097133075,0.0,0.0,0.0,0.05051596765762975
ieee69,10,22,0.9720819956647712,0.9449434062956041,0.004997925582074729,0.003300516893822934,0.0,0.0,0.0,0.0
ieee69,10,23,0.9716367378146556,0.9440779502711059,0.0,0.0,0.0,0.0,0.0,0.0
ieee69,10,24,0.9706668592733064,0.9421941516915048,0.02640413515058347,0.01886009653613105,0.0,0.0,0.0,0.0
ieee69,10,25,0.9687239346082053,0.9384260614828023,0.0,0.0,0.0,0.0,0.0,0.0
ieee69,10,26,0.9679212905377698,0.9368716246763018,0.013202067575291736,0.009430048268065525,0.0,0.0,0.0,0.0
ieee69,10,27,0.9674892532147747,0.9360354550860824,0.013202067575291736,0.009430048268065525,0.0,0.0,0.0,0.0
ieee69,10,28,0.9999350951900503,0.9998701945927351,0.024518125496970362,0.017539889778601877,0.0,0.0,0.0,0.0
ieee69,10,29,0.9998675154390743,0.9997350484303075,0.024518125496970362,0.017539889778601877,0.0,0.0,0.0,0.0
ieee69,10,30,0.9997533799098752,0.9995068206412192,0.0,0.0,0.0,0.0,0.0,0.0
ieee69,10,31,0.9997332379625923,0.9994665470871692,0.0,0.0,0.0,0.0,0.0,0.0
ieee69,10,32,0.9996325221384703,0.9992651793169194,0.0,0.0,0.0,0.0,0.0,0.0
ieee69,10,33,0.9993910259083956,0.9987824226662354,0.013202067575291736,0.009430048268065525,0.0,0.0,0.0,0.0
ieee69,10,34,0.9990747326599702,0.9981503214395908,0.018388594122727774,0.013202067575291736,0.0,0.0,0.0,0.0
ieee69,10,35,0.9990111684623298,0.9980233147124696,0.005658028960839316,0.0037720193072262103,0.0,0.0,0.0,0.0
ieee69,10,36,0.9999285982611509,0.9998572016205102,0.024518125496970362,0.017539889778601877,0.0,0.0,0.0,0.0
ieee69,10,37,0.9997667283388619,0.9995335110933918,0.024518125496970362,0.017539889778601877,0.0,0.0,0.0,0.0
ieee69,10,38,0.9996174037953109,0.9992349539704777,0.0,0.0,0.0,0.0,0.0,0.0
ieee69,10,39,0.9995742951998648,0.9991487716243065,0.022632115843357264,0.016031082055711392,0.0,0.0,0.0,0.0
ieee69,10,40,0.9995722081450015,0.9991445992958742,0.022632115843357264,0.016031082055711392,0.0,0.0,0.0,0.0
ieee69,10,41,0.998915039806843,0.9978312567523068,0.001131605792167863,0.0009430048268065526,0.0,0.0,0.0,0.0
ieee69,10,42,0.998639472566617,0.997280796168131,0.0,0.0,0.0,0.0,0.0,0.0
ieee69,10,43,0.9986030601394426,0.9972080717198591,0.005658028960839316,0.004054920755268176,0.0,0.0,0.0,0.0
ieee69,10,44,0.9985952154290024,0.9971924042776957,0.0,0.0,0.0,0.0,0.0,0.0
ieee69,10,45,0.9985023559452713,0.9970069548282572,0.03696578921081686,0.02480102694501233,0.0,0.0,0.0,0.0
ieee69,10,46,0.9985019620924713,0.997006168302515,0.03696578921081686,0.02480102694501233,0.0,0.0,0.0,0.0
ieee69,10,47,0.9997440500899215,0.9994881656901995,0.0,0.0,0.0,0.0,0.0,0.0
ieee69,10,48,0.9968407001621394,0.9936913814997445,0.07449738131771766,0.05318547223188956,0.0,0.0,0.0,0.0
ieee69,10,49,0.9872666465861204,0.9746954314614036,0.36277395687248076,0.2588548249583987,0.0,0.0,0.02608362611405113,0.0
ieee69,10,50,0.9850395078104549,0.9703028319474633,0.36277395687248076,0.2588548249583987,0.0,0.0,0.0,0.05051596765762975
ieee69,10,51,0.9910991769722458,0.9822775785950629,0.038191695485665374,0.026687036598625438,0.0,0.0,0.0,0.0
ieee69,10,52,0.9910902565319922,0.9822598965926502,0.0033948173765035883,0.0025461130323776917,0.0,0.0,0.0,0.0
ieee69,10,53,0.990622503495993,0.9813329444326686,0.004054920755268176,0.003300516893822934,0.0,0.0,0.0,0.0
ieee69,10,54,0.9905395019942078,0.9811685050109332,0.024895327427692987,0.017917091709324498,0.0,0.0,0.0,0.0
ieee69,10,55,0.9904842026838738,0.9810589557663092,0.022632115843357264,0.016219683021072705,0.0,0.0,0.0,0.0
ieee69,10,56,0.9904842026838738,0.9810589557663092,0.0,0.0,0.0,0.0,0.0,0.0
ieee69,10,57,0.9904842026838738,0.9810589557663092,0.0,0.0,0.0,0.0,0.0,0.0
ieee69,10,58,0.9904842026838738,0.9810589557663092,0.0,0.0,0.0,0.0,0.0,0.0
ieee69,10,59,0.9584292745003354,0.9185866742192393,0.09430048268065525,0.06789634753007177,0.0,0.0,0.0,0.0
ieee69,10,60,0.9550341309697167,0.9120901913170819,0.0,0.0,0.0,0.0,0.0,0.0
ieee69,10,61,0.95,0.9025,1.1730980045473514,0.8373882862042187,0.04340576379458713,0.030984178657229404,0.02608362611405113,0.0
ieee69,10,62,0.9623881248278223,0.926190902809612,0.030176154457809683,0.021689111016550706,0.0,0.0,0.0,0.0
ieee69,10,63,0.9624268683077749,0.926265476840711,0.0,0.0,0.0,0.0,0.0,0.0
ieee69,10,64,0.9626167281812898,0.9266309653744512,0.21406209568508744,0.1527667819426615,0.0,0.0,0.0,0.0
ieee69,10,65,0.964861580198748,0.930957868943625,0.055637284781586596,0.03960620272587521,0.0,0.0,0.0,0.0
ieee69,10,66,0.9833341372740076,0.9669460255284169,0.016974086882517943,0.012259062748485181,0.0,0.0,0.0,0.0
ieee69,10,67,0.9833335221840471,0.966944815850884,0.016974086882517943,0.012259062748485181,0.0,0.0,0.0,0.0
ieee69,10,68,0.9788351477320791,0.9581182464356811,0.02640413515058347,0.01886009653613105,0.0,0.0,0.0,0.0
ieee69,10,69,0.9788341643541284,0.9581163213068448,0.02640413515058347,0.01886009653613105,0.0,0.0,0.0,0.0
ieee69,11,1,1.0,1.0,0.0,0.0,0.0,0.0,0.0,0.0
ieee69,11,2,0.9999711275209798,0.9999422558755797,0.0,0.0,0.0,0.0,0.0,0.0
ieee69,11,3,0.9999422542082915,0.9998845117511594,0.0,0.0,0.0,0.0,0.0,0.0
ieee69,11,4,0.9998625387163365,0.9997250963282774,0.0,0.0,0.0,0.0,0.0,0.0
ieee69,11,5,0.9995559829075739,0.999112162966326,0.0,0.0,0.0,0.0,0.0,0.0
ieee69,11,6,0.996484642605541,0.9929816429486928,0.00258165058406135,0.002184473571128835,0.0,0.0,0.0,0.0
ieee69,11,7,0.9932858271135143,0.9866167343445783,0.04011487830618406,0.029788275969938657,0.0,0.0,0.0,0.0
ieee69,11,8,0.9925420647050266,0.9851397502089173,0.07447068992484664,0.053618896745889585,0.0,0.0,0.0,0.0
ieee69,11,9,0.9921943018927044,0.9844495327083511,0.029788275969938657,0.021844735711288345,0.0,0.0,0.0,0.0
ieee69,11,10,0.9876901853953775,0.975531902326355,0.02780239090527608,0.01886590811429448,0.0,0.0,0.0,0.0
ieee69,11,11,0.9866979598791267,0.9735728640296306,0.1439766671880368,0.103266023362454,0.0,0.0,0.1861840581070123,0.0
ieee69,11,12,0.9830822172753054,0.9664506459229307,0.1439766671880368,0.103266023362454,0.0,0.0,0.0,0.0
ieee69,11,13,0.9794455088517091,0.9593135048097835,0.007943540258650308,0.005461183927822086,0.0,0.0,0.0,0.0
ieee69,11,14,0.9793032169270061,0.9590347906835828,0.007943540258650308,0.005461183927822086,0.0,0.0,0.0,0.0
ieee69,11,15,0.9792213281510108,0.9588744095058296,0.0,0.0,0.0,0.0,0.0,0.0
ieee69,11,16,0.979206087390163,0.9588445615819515,0.04517888522107363,0.029788275969938657,0.0,0.0,0.0,0.0
ieee69,11,17,0.9793083233244799,0.9590447921326042,0.05957655193987731,0.0347529886315951,0.0,0.0,0.0,0.0
ieee69,11,18,0.9793117243956914,0.9590514535388625,0.05957655193987731,0.0347529886315951,0.0,0.0,0.1861840581070123,0.0
ieee69,11,19,0.9793092408939434,0.9590465893002716,0.0,0.0,0.0,0.0,0.0,0.0
ieee69,11,20,0.9793076467125195,0.9590434669096127,0.0009929425323312886,0.0005957655193987731,0.0,0.0,0.0,0.0
ieee69,11,21,0.9770298266976628,0.9545872822568651,0.11319544868576689,0.08042834511883437,0.0,0.0,0.0,0.08133969591094253
ieee69,11,22,0.9769882645782574,0.954506069123635,0.005262595421355829,0.00347529886315951,0.0,0.0,0.0,0.0
ieee69,11,23,0.9765217775673057,0.9535947820632105,0.0,0.0,0.0,0.0,0.0,0.0
ieee69,11,24,0.9755056253871933,0.9516112251620591,0.02780239090527608,0.01985885064662577,0.0,0.0,0.0,0.0
ieee69,11,25,0.9734698722612616,0.947643592200357,0.0,0.0,0.0,0.0,0.0,0.0
ieee69,11,26,0.9726288288623136,0.9460068387340758,0.01390119545263804,0.009929425323312886,0.0,0.0,0.0,0.0
ieee69,11,27,0.9721761100739619,0.94512638899854,0.01390119545263804,0.009929425323312886,0.0,0.0,0.0,0.0
ieee69,11,28,0.999935397167615,0.9998707985087559,0.0258165058406135,0.01846873110136197,0.0,0.0,0.0,0.0
ieee69,11,29,0.9998642385616535,0.9997284955544751,0.0258165058406135,0.01846873110136197,0.0,0.0,0.0,0.0
ieee69,11,30,0.9997440581212,0.9994881817486454,0.0,0.0,0.0,0.0,0.0,0.0
ieee69,11,31,0.9997228493291267,0.9994457754707478,0.0,0.0,0.0,0.0,0.0,0.0
ieee69,11,32,0.9996167986189806,0.9992337440812596,0.0,0.0,0.0,0.0,0.0,0.0
ieee69,11,33,0.9993625081015982,0.998725422599117,0.01390119545263804,0.009929425323312886,0.0,0.0,0.0,0.0
ieee69,11,34,0.9990294529486345,0.9980598478588479,0.019362379380460124,0.01390119545263804,0.0,0.0,0.0,0.0
ieee69,11,35,0.998962519502763,0.9979261153713083,0.005957655193987731,0.003971770129325154,0.0,0.0,0.0,0.0
ieee69,11,36,0.999928556188638,0.9998571174814942,0.0258165058406135,0.01846873110136197,0.0,0.0,0.0,0.0
ieee69,11,37,0.9997581135548534,0.9995162856187593,0.0258165058406135,0.01846873110136197,0.0,0.0,0.0,0.0
ieee69,11,38,0.9996008794129952,0.9992019181232334,0.0,0.0,0.0,0.0,0.0,0.0
ieee69,11,39,0.9995554871591905,0.9991111719100467,0.023830620775950925,0.016880023049631907,0.0,0.0,0.0,0.0
ieee69,11,40,0.9995532895409064,0.999106778632047,0.023830620775950925,0.016880023049631907,0.0,0.0,0.0,0.0
ieee69,11,41,0.9988612950763668,0.9977238868016367,0.0011915310387975461,0.0009929425323312886,0.0,0.0,0.0,0.0
ieee69,11,42,0.9985711171772748,0.9971442760606706,0.0,0.0,0.0,0.0,0.0,0.0
ieee69,11,43,0.9985327738341868,0.9970677004209954,0.005957655193987731,0.00426965288902454,0.0,0.0,0.0,0.0
ieee69,11,44,0.9985245131165933,0.9970512032947297,0.0,0.0,0.0,0.0,0.0,0.0
ieee69,11,45,0.998426729007026,0.9968559331956693,0.03892334726738652,0.026114388600312885,0.0,0.0,0.0,0.0
ieee69,11,46,0.9984263142659644,0.9968551050187183,0.03892334726738652,0.026114388600312885,0.0,0.0,0.0,0.0
ieee69,11,47,0.9997452428624964,0.9994905506261921,0.0,0.0,0.0,0.0,0.0,0.0
ieee69,11,48,0.996823732756187,0.993657554185978,0.0784424600541718,0.056001958823484674,0.0,0.0,0.0,0.0
ieee69,11,49,0.987207061397446,0.9745777820729806,0.38198499218784665,0.27256272512493873,0.0,0.0,0.1861840581070123,0.0
ieee69,11,50,0.9849118385365391,0.9700513296894256,0.38198499218784665,0.27256272512493873,0.0,0.0,0.0,0.08133969591094253
ieee69,11,51,0.9925073674707561,0.9850708744837305,0.040214172559417186,0.028100273664975466,0.0,0.0,0.0,0.0
ieee69,11,52,0.9924979879648559,0.9850522561142872,0.0035745931163926386,0.002680944837294479,0.0,0.0,0.0,0.0
ieee69,11,53,0.99211290718773,0.9842880206084894,0.00426965288902454,0.00347529886315951,0.0,0.0,0.0,0.0
ieee69,11,54,0.992025641373682,0.9841148731428652,0.026213682853546017,0.01886590811429448,0.0,0.0,0.0,0.0
ieee69,11,55,0.991967500785782,0.9839995226151904,0.023830620775950925,0.01707861155609816,0.0,0.0,0.0,0.0
ieee69,11,56,0.991967500785782,0.9839995226151904,0.0,0.0,0.0,0.0,0.0,0.0
ieee69,11,57,0.991967500785782,0.9839995226151904,0.0,0.0,0.0,0.0,0.0,0.0
ieee69,11,58,0.991967500785782,0.9839995226151904,0.0,0.0,0.0,0.0,0.0,0.0
ieee69,11,59,0.9581998151625047,0.9181468857774583,0.09929425323312885,0.07149186232785278,0.0,0.0,0.0,0.0
ieee69,11,60,0.9549228927668043,0.9118777311301216,0.0,0.0,0.0,0.0,0.0,0.0
ieee69,11,61,0.95,0.9025,1.2352205102201228,0.8817329687101843,0.012720987461416478,0.0090805762586317,0.1861840581070123,0.0
ieee69,11,62,0.9668301346245286,0.9347605092180842,0.031774161034601234,0.022837678243619635,0.0,0.0,0.0,0.0
ieee69,11,63,0.9668707423368341,0.9348390323869807,0.0,0.0,0.0,0.0,0.0,0.0
ieee69,11,64,0.9670697367351548,0.9352238757090017,0.2253979548392025,0.16085669023766874,0.0,0.0,0.0,0.0
ieee69,11,65,0.9694224644173831,0.9397799145170724,0.05858360940754602,0.04170358635791412,0.0,0.0,0.0,0.0
ieee69,11,66,0.9866425057483518,0.9734634341493863,0.017872965581963194,0.01290825292030675,0.0,0.0,0.0,0.0
ieee69,11,67,0.9866418602574312,0.9734621604122444,0.017872965581963194,0.01290825292030675,0.0,0.0,0.0,0.0
ieee69,11,68,0.9827596214291542,0.9658164735115744,0.02780239090527608,0.01985885064662577,0.0,0.0,0.0,0.0
ieee69,11,69,0.9827585901103759,0.9658144464357339,0.02780239090527608,0.01985885064662577,0.0,0.0,0.0,0.0
